height,hash,time_iso,tx_count,size_bytes,sha256,chain
4050335,aad24e4fb64ca8adf4961667da87820cd48e553957ac64e75de7cdb298b5d66b,2026-09-06T13:52:10Z,5,42109,92899a9ceb7dbdff5b45626a0155c357bd82c776ef7c05950a66baba18c21ad5,valid-anchor
4050336,e1d9a2aae69e0fc3ca18f7f7f84e0615e92a5e3b5000d66c10c34043346da0d5,2026-09-06T13:53:10Z,7,144681,637327112a52275e30e11b1b7398f4d771006b68b8255d6aed1feadb35d9cb64,fork
4050337,c212cdcb6b2e68d4f56a7ddfee48bd3c02b2bfbb703b9f4506ac1597a40d38be,2026-09-06T13:54:10Z,6,78968,c9f24a8f0b86fec23a852bc319093c5a47d6c882f8bc87e65282e87756003501,fork
4050338,0b998712cb557e04f1780e6285509fd3c6ed94344bdeb9ad9c8f819bfd232250,2026-09-06T13:55:10Z,4,69111,b10bfaed9a54819043a61f957a804f0a9321f0e869e185f0f457b988df5ccd43,fork
4050339,5ba1ea5defeebca7c4036c9242461be8cfd7e6de055156972c1c87d5b58e52cb,2026-09-06T13:56:10Z,3,41895,8277ca7b3e45533e6cd6e5ca2efe70b77216399c06ce885d2893c717a6da463a,fork
4050340,4a308cc2b35e675a8df9cd04e1748625c8200dd169ff40b522b2e10f2ee5526d,2026-09-06T13:57:10Z,2,19755,b46935f3ae2a57b20a918ee2b2b1deb4957bb838080898bd3949c42c68dbedb7,fork
4050341,37a4edbe432dd6bb676aa8657e01a7aaaeab1c01e7fc267d02c1dc025f7147fb,2026-09-06T13:58:10Z,4,69323,eaeb82b80344ad114cf579ece13edf1db4b514aa9c3582edbb80e21db0826a7d,fork
4050342,90d1508b879a8f5ed832615785d653b0f2a6c06b485f1950665e93ea13e97aed,2026-09-06T13:59:10Z,2,15359,fa355fa8608467e12d795a07be12ff71a1cdfe192af45337893fa15f29d5783c,fork
4050343,f7add9732519fd2737a1be40a86a96191db0ea126338cc934eb686834ddc98f8,2026-09-06T14:00:10Z,6,105101,a77bd9813ec2808b11f383700a178234fc5a3356525f540978e8e2a09095444c,fork
4050344,3a4afa5b5a01119f6ecd8073374fb1418fa220c00b1ac0cd582d6adfc0be6c68,2026-09-06T14:01:10Z,4,54192,06af2375d0271f1cffa392cdf2d579359147e35a8e5d41c4cf1ea85539525a79,fork
4050345,d5ebce62272c047f89fc98cc8ae54424e6d9e0d2290396b591dab74764cf6340,2026-09-06T14:02:10Z,4,38024,cdf8a9e20c6e15ced9809dcb03591175b242fefd0665332e2eb192edfa2283ac,fork
4050346,47c7d0c902746f15dc2651d1b29fdd2fd6b9ce658fbbb2bb88e5cefa8c87003a,2026-09-06T14:03:10Z,4,47183,632a3838da1d48d931013b4fa5a5016d709129b3a40450ec3e72e6507e6e051c,fork
4050347,7ab19940d7f68503778959b67dee59c475fabb9b2d445f6ae515dac7923d9222,2026-09-06T14:04:10Z,5,78686,1fa86b7fa0971af71966c60434171872f8e2600ec81f614d49e806395cac4d50,fork
4050348,ca87fbece5fcfee99a00ee8920d68a35e1f8f2bc9c7b53b1b7e7f9c32aaa83fc,2026-09-06T14:05:10Z,3,37496,ff190c9769b223b22c609af05cc92f9fc54cbb19cf875c69b9854473a04be704,fork
4050349,90a8c1ae477530b1e50c30ab7dc709eacab5a68a8b3652c147441508b1244730,2026-09-06T14:06:10Z,6,56426,8a427de976618f32f93e4f941b7334e3ccf147c3efdc919b8a3837d85f1063bc,fork
4050350,8a8ed2742fe993a17ce1e5054b9eda05d1fd6da1075a9f99add5fca99e5df1a0,2026-09-06T14:07:10Z,4,52453,3611cfb162c54bff55727a31a1444ed0655b14e7ed6cc791a462521381f07364,fork
4050351,9feb0b7b5972371047ae67f0954a1caf37ce7b0f9954e33fe870556908118e68,2026-09-06T14:08:10Z,4,37903,864af7d6a2e25b76847143a275f5ac2c72565bcdc97ffd91d1ad8816d06e9b8f,fork
4050352,0d9e5b6771fbc86f1c80fd759f7041c9012bda3bcbc6f0e3a2b985da71ca8033,2026-09-06T14:09:10Z,4,60313,2f95234704f4edde2a55e37c7df993fcea96f7b48552cda9f5fd61ac426d8d09,fork
4050353,407bb614d25b8c06a81cc8b7779074b7d8ffdf271a2cd0f713e83e0b804ae3bf,2026-09-06T14:10:10Z,10,109802,612c0ac8c021ae154c9f3f96fe60201b9431cf46177d1e17a42dbeebd03a1082,fork
4050354,d597f1b367beae89fb2b833e5e79f50ef3839f2e7bf29b948e45ccfd8db5f504,2026-09-06T14:11:10Z,3,26541,42e86eea385aaa2a625d64a0fc3c71ec26ba9c415e487259b3cbb943acf1fae6,fork
4050355,0e9e8fd469473fd876f1a439876d19e2b0b60132f80660e5f40e89d33e87175f,2026-09-06T14:12:10Z,2,10741,4580f4172f8855d25b7284e2dbb161dda45835e43d71faa7060fa7d3f98e6ac8,fork
4050356,5ab312307ded193d3f3ff368aa124d504512b3b7143e6497e8f9b851e82907a4,2026-09-06T14:13:10Z,2,10742,809f849b85ba16d2001b4d2eda4fe753e4dd2d107605bc287b72a1bd6c78a3b6,fork
4050357,a62feabfcca3f61bb395cf8a72b7bd25f2deb706e8a2b1046930f37618d655e1,2026-09-06T14:14:10Z,3,19929,dcc17d065acca9e094bb55348abe50571f9e52be95907ba5095f8b15bf8a16c1,fork
4050358,348385e2efa16aa9c6bb1a94feb60c258f46239f56fa4a8460b049471deea75c,2026-09-06T14:15:10Z,3,33093,445ea9fc4812f4fa3983807933eb85547402280a8595ddb607c7d7c199e686ab,fork
4050359,c93d82e3b337e8798bfc2caed9027b717120caf5deefcd94c2233ba000eabd5f,2026-09-06T14:16:10Z,2,15353,67afe54b09325244b6e5fb5578ab57799c9efcf48954fd5e759835457527ad3a,fork
4050360,a8b5d13f4e9a153bc8d2db7881834ce306775d64adcddf357d6da12e62426a71,2026-09-06T14:17:10Z,3,24321,a69237745c37425270838ee15195d9c82eaab03b08a0191fe6ff25249b48d505,fork
4050361,d15a30e1979d39e8b3829da52bbdf950f842c5c6fd8e02409b3e7ff97b3ca3d6,2026-09-06T14:18:10Z,5,60593,c275325e6a21751cc71ac77b3d3210e705987bf4598c4a98ac1baaae5a386ff1,fork
4050362,29ed1f8ce5e6634ac383fa56261088add979053fd1e6c1de29085b95b787c8de,2026-09-06T14:19:10Z,7,74338,134c95d8f09522107a1189409fa94341a51b8cf4704a3679ad104ef30646c278,fork
4050363,2d6f1cb38063d151a3ca39960fb014333fb02ca7fc28f3ca8dfc4bed6f115939,2026-09-06T14:20:10Z,4,38077,33c2135e6b3f28a473d086432bd1a3432bb358937754e606cc298ad97d63c803,fork
4050364,a7c14a5b9c1d57ddc6b8dba6a6eb7296b0a282809876f9fe15c66af865a08ffa,2026-09-06T14:21:10Z,3,37709,cdd4bdb7db6462760ca81c3e5c9bfbc0b8affd26415e669da7bbbcc512b4a6ea,fork
4050365,1df568f88c3c613e024b106d25426a4582f7d4e9a43e63d03926d16fb1ce94b8,2026-09-06T14:22:10Z,2,15351,2ced5cc9cb39c38a65afd105dcad4d2729bff4551ff6575c547d8eabdc8012cc,fork
4050366,867da2ee0854811756bfd729a0a92c2e233363bbc2498f4651108380225f3327,2026-09-06T14:23:10Z,3,20116,ebb07327adf189fa4c7580f9de536a28c6ec67512ced3c516fd414640bb1a10a,fork
4050367,0b4505c78a1ccd0a4cb4fe35fb2385597632473375b974047f6d6de807294bff,2026-09-06T14:24:10Z,5,74182,f476e396c4fe88c44319a37ea7527efa275bf2b4e80a47e162be35adcc796f02,fork
4050368,0efe796272964363fd1b0801e1be867cad5f0c76a8d8f03b1410e8b4f63443f6,2026-09-06T14:25:10Z,4,47996,e3cd9182bef9680ea857b8620f3ac5b327045264ee60c7abc3a1c772b6a99183,fork
4050369,d80c9cb744d162bcf8168d16695413ab72851ea07eb7b1e408f459d66e97351e,2026-09-06T14:26:10Z,2,19755,9ea1b26c38a2dbc129e0fce16f1a131b73f2e6c8d4e45cda44e02802c919a596,fork
4050370,c2a4ac94f4c86d9ba2ce595dde751fd63a494a950b237da3d0d900e6d42b069d,2026-09-06T14:27:10Z,3,39021,cbc3d915bdb98e191f356a9e8183b8c58bff7406eed7ae28d0471c239b9d0aef,fork
4050371,e5e216cf7fdb4c6905da30ca9d9f5367a11a5905996305f41c05108b9c0e670b,2026-09-06T14:28:10Z,6,81177,fdd2bed5bcac3dd2768e5526ba57eb5537c3410143336a25bae4c7d41ae144bc,fork
4050372,3648dee77ea193a251118ebb323804929aecf35e8ef7049ae73a67b2f8602003,2026-09-06T14:29:10Z,3,15331,0a14249575b2e5a0b0a9e86a1f3ce66acf4b75e504432c3ed2d02c590fc01fe3,fork
4050373,d16c67afae91918ff932cd0e8d3df60e6a4084d119c5239c3f3cad999ae4b963,2026-09-06T14:30:10Z,1,1776,f42648667271b5cea053fdc7197d6722d646103782865700f9041753d35d3668,fork
4050374,f32f0a9bc59133a660f3de7704ef0288bbce777fd9ee76d18f6bf37efedcb6a5,2026-09-06T14:31:10Z,1,1774,80852042400201b8de1d536dcd3d9b77108af1897673f8e0f474646c474d3ac9,fork
4050375,05bc016164acebc08884806f922afd402609ff75a648b23ce56588c768c5fa39,2026-09-06T14:32:10Z,4,34309,45b3858791287669e5e34d990e44c255423756a98c5830ae0e7083aa82c3d591,fork
4050376,97e1c3f43187a583d2357e19365d395c192e142f21590a7f49e2305062cdadfe,2026-09-06T14:33:10Z,3,29278,0fe174ee36d8326927c77d3ca63b5ca4142cebc87f82a8b82a127ddf6a16046e,fork
4050377,6e67bc01b247ff3a17c5e9626f7bb24579e3e70b7e949e75ec53f953388f61e8,2026-09-06T14:34:10Z,5,56294,45fc0af8620f65c40594551b3b37726d18dd8a03390341d15634f6a07210fb68,fork
4050378,7664ab47a8a3ec98f36b3522d71b8e873cdd35f06743ac37169c2d9de66c0461,2026-09-06T14:35:10Z,5,61588,72721a1111503ce7842ea0051d8a1af528aaa728a432e90726fe8b4d25e434b7,fork
4050379,e4e43520cc43f847cb390445237a6f4dd863ce403bbc0f6b4cd3342a25bd2b83,2026-09-06T14:36:10Z,4,46652,57d3505bf60faa73a8a8f4ebc3c527269bca86287cf98d9a3c55a8caf2c2271a,fork
4050380,6c1a1299229a3a797a79f21a9ca5003c45e106850870e63369e6533e8fe52e29,2026-09-06T14:37:10Z,3,35652,896963620b46a72c761f9c129048a268fa27f54c89b61565a4180b19dd1919d8,fork
4050381,8f182271f704f3f24950fb43127d31651151bd43bca10a902639a6896e491888,2026-09-06T14:38:10Z,4,33243,098d8d1d52dfc97dda486d6cc21280720f851f13bc24236a087497a68a62ab79,fork
4050382,0c3c829a1e317be5b6325aa20098470fe1c0f94ebc967b13a16475e1222941cc,2026-09-06T14:39:10Z,1,1771,9080283e58c5ff3e2608ee0fcc86ee90d538c653b8cc97fc24e86b9e66e031ae,fork
4050383,0a43e628a489f17c1620ab899233a8c7f1d47b8a474064f2f6edc83716b93112,2026-09-06T14:40:10Z,4,28674,b5b999f781b608f39e9d8c6fd888e44b594c4fa76217feb987f70b7bb5c0bc28,fork
4050384,d62e2c8bd53bb30c7477fce6921a4aa8b8b2c62b400f8fc4518bf889a9fe6f78,2026-09-06T14:41:10Z,4,38090,ce9368974d2b700acff32eeb402bc1078d55f574226cefd4c6871831de6e9897,fork
4050385,a41de63a1f084a538e22d545ec280d1d3da627e776036ab84b5391f3a4be5aee,2026-09-06T14:42:10Z,4,52909,46b9fb56ad3e0ac95c96d2d03204f420addadb8557f52d03312e97381f4b2ee9,fork
4050386,4fa7d9e44687fd1be2ac7f2e73fdd4594d72a57d0a94016657288c39e5c197c1,2026-09-06T14:43:10Z,3,28911,ac6f191096b3277a549fdc74da8ba5d1d1055acd7c553aa1c781bdd26d038baa,fork
4050387,e11ec6a3544f8f3f8e19fa7e9e9156dd607bf6a57460c0ee8ab8b3f820f47330,2026-09-06T14:44:10Z,5,47225,57fabde4f17cae381878972b7d66cb5a40522ffb044f02026f7cc988d367bc8f,fork
4050388,137f253adab387eafa50ccd8b41e27eab826f7daefc6a044ec5382898981d3eb,2026-09-06T14:45:10Z,2,15603,4302cf8b6b95300dac0a072aa77835fabc4286adf6c8a1623062aa8d70986ab9,fork
4050389,20aa84ca03f64eac0ace97bb84bcad80063582a11925c3397884774735cfa1f0,2026-09-06T14:46:10Z,2,15357,fd962d4bbe081db8697dfa0bef99316404d0c75f59153b4fbcfcfc88112fc067,fork
4050390,6f098ea757a617eecc579e5af782dc78a1c1e03408156028a2aeeb6027984704,2026-09-06T14:47:10Z,3,24557,26df4267da444a2bb2a4bd3f382b5ffc70f1000ab11301890240fd1b8117ad42,fork
4050391,6728c7cc415ff0d4682ade37d41757d25dac974c4085dd6306fa21380180312a,2026-09-06T14:48:10Z,2,10743,d85f3dc90ae596506d517037b7735e7dbf37c15def07ac14cde25890698d817f,fork
4050392,1fd9107b8647635805377b2c07c0e982375bce23ca31e7fff4406f91133f5049,2026-09-06T14:49:10Z,2,15354,0c213b655370d656c9997790714a7cf3826b2a108c8c052ec6842f8da675bcc0,fork
4050393,543858733cbe84311cbfa06ae282d375f0c4e70436d94792cfd867b54e296e71,2026-09-06T14:50:10Z,3,21329,e6d25083cb3234b903e64e73698b3d502693a94e715e6cce500d41d751704e66,fork
4050394,d8eb3ecb00008adf345de2503406541c0ceca3e0159575e7c5a725fbd9493842,2026-09-06T14:51:10Z,1,1775,b1a91ffa6410738bb057dfd4df93ed5985f943e0d24a40b37eb83ffcba7924ae,fork
4050395,0136515fd91e269c1a051823191e036ba9cc529c3203f13effb901bd37759b0c,2026-09-06T14:52:10Z,3,38130,e3a8ca3fadeb582145f3c8ec49b32aab6f550fb40312b07143e8cfa1f026cd35,fork
4050396,34785fe3ba1b8b1e4a9915ec7864f7f991b6ca4361d7d0e4d1cf91dfa791763c,2026-09-06T14:53:10Z,2,10776,03ae71a23e175da59f5fe4966116f087f6dca6d628dc01d14bbd8f628102fa1f,fork
4050397,cd0bd799b3ddc51e0dc29c774c668faaf0cf088fc8197cec5a4c0a6f184d1231,2026-09-06T14:54:10Z,3,20057,3654fa32d823c5bd5d840d2dec6a5bc151fa59c6651bda5ff73439352754ff94,fork
4050398,9cef55c860044025fd3938b0471cd4aa03fa3999fb6bed5394d27f91f5332aa3,2026-09-06T14:55:10Z,3,34583,3d5d35a94b4e6533b5b7f07ccd4e7c3c1f9a0fd3e10b76a141352a81355c12e6,fork
4050399,ffe2dc8c4495a61b9ab543f70d0ce49cf8420f71610fe6eb97c8fdb5eabc797d,2026-09-06T14:56:10Z,4,61188,3c6139b9ba1e9bf05e5fdd211b87143658671d6a69c72dac90f439689f8ce72c,fork
4050400,703dc799772400da3f263c2006523f1d374e9d04a2b711353f707e0b6d35af9a,2026-09-06T14:57:10Z,5,40696,88f990a86207a50b8187b59166187fc568b02104f54498386cdd7cbb81296c9b,fork
4050401,6bd12a49402137bcd17a4231b8e8c75d63ffbed52ad25b5e986e57bdecd312d0,2026-09-06T14:58:10Z,1,1778,7a7251fd719cd355d8a36ce3239bbfa2df85a00d3b25ab3aaefbddaf1656a525,fork
4050402,f0ac8985717fe9f1d2eea57d79add384ada3b8bfeb49b927e7b638721516d18b,2026-09-06T14:59:10Z,2,15358,a278414c587403a5a26457637dfe43f915e426d76cd50bf026cbb68a9e4a840c,fork
4050403,8577d1b18e8f2198e18dbe7bfc7d6ea86ea8bf11128a675773919e7faf3a6236,2026-09-06T15:00:10Z,3,24913,23e1484bd03fe56c37c9b0a72f12fc11ff6bedc0c1b9fadda15ca7eed125c694,fork
4050404,03a8b9e8304061a751e72a725e7236daae8eb46feffc381b415a6e92f38182bc,2026-09-06T15:01:10Z,2,10958,131001394dcbf3883c66eca8cb9ad3cd8e3e1d5d8431d7a60e8b111b67a29a16,fork
4050405,f04dc7edb310dc65dbee54be26df1bfa7210f52ef96c0833127d67464cb1659d,2026-09-06T15:02:10Z,2,15526,ff26ba5e725cfa7a8b83fdf219fc6a61aaa07556b34a7efd9a32235e869f3357,fork
4050406,0c8a67a6abc6c8ed1868555c33f32d044e352844ebe9b54ba9e7c7fa13578cee,2026-09-06T15:03:10Z,4,69355,b4b5a5b3f01809b42959adf3b11c89dc93ff7fd0ebfcc6fb3df766e9eaee9333,fork
4050407,554aad16c73d40f0d5e568bd6cb2dbea356de7f65d4085b6e8afd2ddce1eac11,2026-09-06T15:04:10Z,2,20077,2e6a44078a3918e48fbe981be5143dfce1f13d882dc58f7502b8e40546cb4ecd,fork
4050408,4b7499a1de6c4c840313ebbf1f1cbed3cee73886c2f169dbd4072c6eacd22a7e,2026-09-06T15:05:10Z,4,52222,ae62b4378184711c2a6613a618c854b3b9b844c43bf487449a65b4cd20a1e0dd,fork
4050409,cb37d7a1518b1ba7b231b98a15d861c19579e16881666d3ebeb0a671b462834e,2026-09-06T15:06:10Z,3,28912,8c4729fda7ebdf0d919b3271540612556ec053aafcbb60ebf35e0908b4f522e3,fork
4050410,0248d127ad3b7ce97a082bf9b8a3182ffe127b21a3ba7f3cadbec675cecc6730,2026-09-06T15:07:10Z,2,10063,dc9538ef21ea303749ff67bb20464d6a906efd60e2c2e4d8b50efe08844a1357,fork
4050411,dd3de3eab34321e33dda8a356348d14e640ed907d429c301903b99097fbe40eb,2026-09-06T15:08:10Z,3,29279,8915fed6ef311f253979eeb3e852bbe3798985d798f70ea5933ac711720eaa31,fork
4050412,8cc2e3485372f6c85024847ed62efb2d8e2e358a0459718138e7df1cc35b2963,2026-09-06T15:09:10Z,4,29897,fd37d33f54d12bba121a1f0b8fc45d0651210d4feb869be9ecdf219892567097,fork
4050413,3970721fcb72434495368dff7cd982498216324860bb6cf897e04d5915e057e8,2026-09-06T15:10:10Z,2,24616,36ba1096d5fc0fd2f837f04867fcb2850abae07701147f71cbc246e8b8960505,fork
4050414,c55a1a6fb02214f9c75fcac0251c842634bea76008873c7040149080c53f1aeb,2026-09-06T15:11:10Z,2,19753,6984beac76ca4e87744b99dfc0c3703646b9415e95e3aa2cbd0800781048f021,fork
4050415,0c03de6ef995c65b3e519170ac6bf423c5b5a62ff5527bb002cd852574f53497,2026-09-06T15:12:10Z,4,33700,0ba15b57a276bdb3c1735e521a658cd7b6154d2aa7eb6814f6b81a782559ff6d,fork
4050416,7380f40de707c13e08cf0c4dec5359ec555266d689687dd5d8852611b5d28c5d,2026-09-06T15:13:10Z,1,1773,8cec05c26f8ca036a76cb62d9743dd98b208fd6e3bcc8db66e15d7eb37e6953f,fork
4050417,0bc124ffdde8240b35f1070f3809f4ff9fbdac7cd9dd10f7165023e62008ae64,2026-09-06T15:14:10Z,4,37613,5ed2146ca6fee6a56bee19ce49a3271bc79dca7bde2fa56097e9fc20df072cba,fork
4050418,542dba7f8fdc697507a413b5ad9811b1595f0ae5bd8d3aba5513623b55b77ca5,2026-09-06T15:15:10Z,3,36940,ecd13748ab22791138db03d289357d422915e41d28f1c09a48f7b39332bf44d7,fork
4050419,09f567e33099e7999a8f2fd1fd3b2b7b2dca4b24afe032d9b6bedf0971bf19e5,2026-09-06T15:16:10Z,1,1773,4e59ce791bcd7b4b7d4a69e05d191a0692c1216a1f9b99b9ad3acef55ce84242,fork
4050420,cbed8c928213aba2ff6491c6e7580b79976b6ebcaf30a0edfae729e129567da6,2026-09-06T15:17:10Z,1,1776,5caabb8cd525e03c85de3c2f665d397b55bde0ecead95cf51b5e1b9277fe01a2,fork
4050421,d73429b9d46c48411ce64323f07000117e7674a0e47969627a21a5cc9984a4d9,2026-09-06T15:18:10Z,3,34074,56bc773d4021001c76d25ed76f3f9e9ef1d4f7cd21c2841409092e5b503f9c31,fork
4050422,7480649e6a8bddd12da0f903473ebf692d0915d2c21918b5695a125a49be0c60,2026-09-06T15:19:10Z,2,10234,9309689f7340d61be65e4035d44f117f9b40bcfad7633d1f4cfeea4cc53c41aa,fork
4050423,9593562070c2ffbe96476c38cf3d659991e763bcd5940a574be72c856bf949e0,2026-09-06T15:20:10Z,4,37686,521cd01c7383ab69f161ebfd9a67b2fef21892866b07ad1b6649764e47817ddc,fork
4050424,056602ae533d2ae349d5521ce6adac89a4a9541939a6c6922fa3218824e50b13,2026-09-06T15:21:10Z,2,24156,c307dc212b037cba516c36b23141c603e47abbeaf14047736a2f7b7468039236,fork
4050425,5824c0e01197aa925460cf4fb1aa99a96ffe89c34c9a22713153740c4dbf5cf5,2026-09-06T15:22:10Z,1,1775,b7738d03420b2811e8c3a0c28d063fb30f8eac8b18a10e6dcd98bc5db00f7793,fork
4050426,16f879d33abe64db7ed71fbf4fa103c44507a103add761ea2411caf8ddf0b5f6,2026-09-06T15:23:10Z,3,46508,424c283254639e2af97a781de2896ccef8fc95e4ff17af172204925713a53a43,fork
4050427,83a0cb209cf154794c31904defca947d33141f40b703d56dfda76af36360b1d7,2026-09-06T15:24:10Z,6,69177,efe14344e504353ce95b995e1bf7ac77efb4ed5fcadf6adb8273ac80ddaca6a9,fork
4050428,014b8ed968f70b8a6fee288d189576cce957c33cf2b420ace4ee1b34b5931757,2026-09-06T15:25:10Z,3,37708,9fb9292d6fe28986430ae1e3d64fe169f84005136dadad130f24a6c074872ebb,fork
4050429,5a155a7cae446cf386c6905bd06b54805f871a3c47ee13c61cfe09ad9eb8cae8,2026-09-06T15:26:10Z,1,1777,ffa02e85691823904f282bf23f2186f64261da81b97f9211fe3937c4e843b28c,fork
4050430,ea98dfa39f4505d21b734a8fd09fd57472ed1bee7a1d74fb6ab552f939d860f6,2026-09-06T15:27:10Z,2,24156,27e5089b5e2b5b5a8448eb6fe4eab6f1e5cfd848d2c172a60a0d99a844bcc397,fork
4050431,623570665d88aaaa119a5465e202a7f9fc8283224aa77d5b759bbd3cbabba16d,2026-09-06T15:28:10Z,2,19755,540fca9eab67676f8633517b89326b5326019d259a41e1a6d48bed8c7dd3fb87,fork
4050432,0f6c23b4a83664146fac6d1f2e217f78676285d9899c99db8e4c0a84a891a705,2026-09-06T15:29:10Z,1,1775,5c9db3d09fa2ae6babcc47e67992347c97acb19630e26e76d362610747025062,fork
4050433,ee365e1527b7479596f46e417ba3242006853e183f588a554fbcfab9fa139d18,2026-09-06T15:30:10Z,2,24154,806a150a0b2ed35e8e4139b7c2eca4ae05d532796098880dddd05bc8e418c3b4,fork
4050434,bcfc0d60317d869ca239c3a7b0907fa4c6eaaf68e45f3ad796eb04bb16f50122,2026-09-06T15:31:10Z,1,1775,c70ed873b35019e33ee70c7ad619368c7d18e20d7af2ddea165c41ee9754e07e,fork
4050435,ec6a11d2a280b933269265d151139b3bf22ce1133a8dcdd3d8eb8225dd741c43,2026-09-06T15:32:10Z,3,27404,784b556f35d84d38e2129d66b6b9b6324f2c9ed046b710a1c3ef2a99a39c00d1,fork
4050436,586f8ebb55ef1f32c148e7a8973a769eab85c589c6287ebd92783f95ecf0def3,2026-09-06T15:33:10Z,1,1775,07bdf55f56a140299698eff2239bdce90150d38f1b4d7be82cd1c199323fbcdf,fork
4050437,107d24d33810a37763d4093e4e4b27471cb131ed6e68a3000b43eacd788c3f2b,2026-09-06T15:34:10Z,2,10744,3a2c7edef352371099c875f5a3b79e59068ec5c5e686bea65edb5b42db023e68,fork
4050438,b0af89bbc1f0ea344c58fcb79a2bf19f725ff9d21152f91bad9d2e5146a9ff79,2026-09-06T15:35:10Z,1,1775,3cda1c9c20c5009a7130ce9af422c4076f04fac8089c8c5664a13040162a8786,fork
4050439,80b597922ab7f74e85f5c5e41c799de6edf48ec877bce9fe3e76fe101242f685,2026-09-06T15:36:10Z,2,10753,5f85aae306a322bdc76d5b84edad1836b963cfa065ee2506be4642feb5e08230,fork
4050440,434de41fd33bbbc91c46fb044013c0ac27e8351487c9ff226aacb50d0bad5e25,2026-09-06T15:37:10Z,2,10744,b45f4f227a4c49a3f86b1fd97e3d22901c646a82b75e81bfdc5bd15d9eaeb06b,fork
4050441,5293296db5802432401810118553f12bc5e52b531f9bc87efb82da4165f0afc9,2026-09-06T15:38:10Z,3,47240,18815f81e93b81faa8a3e7f8cc9a4f7787abc10f5ab5cc866302ca6fda1a0c0f,fork
4050442,93dadafc2bf35395917c7d782ef379ffaaf08c559f3c3c4ac0547ae27dffec69,2026-09-06T15:39:10Z,4,24412,30decd400de3fc76c0e2d9e044c9d53aae4223221ac09cb8e292e4b2192115ef,fork
4050443,c1d8bc7b30b1a33521d0f971bbbc3adb33cf2d2395114b8335cbfa59f85f6429,2026-09-06T15:40:10Z,2,24465,efd8f603daaaa75415991dff177199ed583263faa1a2eb43118ae2013e3bab60,fork
4050444,45db048c23a09186f41498b63a3638245f3d1ba5fa25d899328d40db638eb97d,2026-09-06T15:41:10Z,4,28625,32fad3ed01e365d0123b4df9de6bc6ee74de70612e4a71a571c1a412cdfee9f7,fork
4050445,a7c86a22f496e9ff201186b12f48bd0c0790bc55eec9f36f675d02468764b20d,2026-09-06T15:42:10Z,1,1776,16bb8ef217be84981abbb649aa2f406979fcc2599cb25832493dc94107c91537,fork
4050446,5c673936e634fb0829bcf4bf766eddc5171954448972ba0a5036ce8c37ba29d6,2026-09-06T15:43:10Z,2,24153,85ebd4888bf7a5ed01be6107ba8b50d96216f09cc21c9096366986421cf08300,fork
4050447,3dc81b3d1908c8323b1ef684f5f3cc8e631b5f7415a8c932d77f455cc983d8f6,2026-09-06T15:44:10Z,2,16358,9292cbbd5741f73f9193a9339e577468bd6571fa192652aaa500d0c068b8787c,fork
4050448,79ba653e8d68bdc629f3efdf67a95a129a62928d1fca62aad727ef2991a644bb,2026-09-06T15:45:10Z,1,1773,7c43af14b7a10660eccbb21d70259173aac9f9cc6cdca8490f572bb403400a03,fork
4050449,68722284493f9bfbe65691e82cc2b12c2ae4cc95f73c55f6f46ce56293965fb9,2026-09-06T15:46:10Z,1,1778,8264ab9c6753f441230ee9e7ec51e10d5bc052f1b2ac057bbb6df3a484f18021,fork
4050450,8d6c972731594669df5cb8de05d63c9cee9deeed918e9d343d851b44f732afcc,2026-09-06T15:47:10Z,1,1774,be08a3901cb164a9c19fd50922bfd83a0ce56f729e6f088eaf23261e17054467,fork
4050451,be2fbe6bacf982b5ed7e3cb5552f37d63c5e89a6bdb0c11a0fb7bca84c6b35f5,2026-09-06T15:48:10Z,2,11475,d9e2a31266b783059be49cea422599c938eb0f46816494fc7d71a6a705e1bf45,fork
4050452,537666b54b732a68c4020c1556e9807d08958fe36509c4e3c249340914b71b11,2026-09-06T15:49:10Z,1,1772,08790ed11f474ac6533a9789745e1a05c2511dbbe126aa0e08e7da49ba94fd9f,fork
4050453,b7764f203e5615c76ad961a03e08098162b8ba9c8b1aa4d1a00d621671b01192,2026-09-06T15:50:10Z,1,1773,e4c13f06cd6d1161ad44d3c7e325fceb960f3ff971c624e571ae295ade20fe0d,fork
4050454,34cdc16c2100db71fecbb92051a9f9988812dd336c9a0e3664736376f2b8775e,2026-09-06T15:51:10Z,3,29371,2668cf8d8ce30e3b441284fa79ac742127c469d493efc08ef39b241af0698fa6,fork
4050455,02afed3eac935a3748270cdb104838cc9a1f7c593b612c66c9c61005a4215b8b,2026-09-06T15:52:10Z,3,24569,41f7c8177024a48d01c2ea84050f325e775818fba7fe2b77148c325eba7994cc,fork
4050456,74ed656275268e8dc4ff77741b0c5dcd7cc93c37a99e0f558595f7f283d86100,2026-09-06T15:53:10Z,3,33097,6f4737afb21e3c58b79156203afee8869d8c8b336ff67b2e31c3796d78d9bc47,fork
4050457,9d4019b57dc9535efb61b711dc98674f63842b2d7808a51d6f00acd7313be078,2026-09-06T15:54:10Z,3,33557,486f0abf9e4cf5d5587427cae98603f9f877bb70b364b3f600ae53faa84f5ae5,fork
4050458,19b05fce6108f84ecdbfea700b8b2597626d77680dc121a636e537e500eb106a,2026-09-06T15:55:10Z,1,1777,b5ba2097c55854dd247cbcf5328d7a7eae3808adbf6954b731cbbfd0baad5404,fork
4050459,75487304e6039dcea35f7db4decf3eb84948906aae69c6ca2b0f3121a0f9ac8b,2026-09-06T15:56:10Z,2,11172,f3b696a5f3c7d81a596fa3bd5422bd4768b3b5b45087d102eab49dde60418102,fork
4050460,0715b42527da1b2ce696ee1aec27dad475ac555c859d528aec3caa5123b13bef,2026-09-06T15:57:10Z,1,1773,504fa036fbf9a8f981965ffd1ad973a2ada1d2e0ce797e95d86e6d2903546dfd,fork
4050461,5a4ddccaf7a166494a3576d8ede4d824acbe559b375025ac7e7062f56f672d68,2026-09-06T15:58:10Z,1,1776,3c62788e680be2e90a4a5ab525c5fe2323d00e12c1c00efdb30331aafa4c63b8,fork
4050462,46420596f1ac0d7ce20fbc165741c10d706dc0737b91a907593f5ea0b4b00dcc,2026-09-06T15:59:10Z,2,33932,3f0d832c13369face4fb7eb7d3f8e0eaa320e5ad5c1622d5faa74212e9afa85f,fork
4050463,585302c1b007f33ea4cde21b0de0fc9f43666b4d9a8adb92cd982223ffff1da8,2026-09-06T16:00:10Z,2,10768,b3999823ab07a662028e09a1670aba11cb8d468dd84b83a398577884314986d4,fork
4050464,ac2478307d341f7f6582b08c5b98a0c95d5ce6ddc54ebc50e7efd69a316907c7,2026-09-06T16:01:10Z,2,10741,cee716bc85ffb2249a4ed7cb4d62fd0a849a34806552339bfce2607c783697c8,fork
4050465,63ea08a50012339393488970194a32c35efe52bf5ad809a07c9a5760cc92f604,2026-09-06T16:02:10Z,3,25147,b8fa235a264432051bf7d9578c4e82632077410a874cb2b9cb7717adefb68d21,fork
4050466,d3b292959036172334b1deb8bd05a488611e63059085ab68e6524efd3cb14741,2026-09-06T16:03:10Z,2,20059,fb70703ebd113a08a13a4beaee90a7b5a1575eb5f24803bd66468872428005ed,fork
4050467,1b20ee9cf88c8cc3a13fd9c519bfcbadaf48fbd447348fa56aed1472a935de9e,2026-09-06T16:04:10Z,4,24922,5015de80ec30beb37fc4935cac4fed573c2a6291ac5861e92d62f6cd0985dad5,fork
4050468,53998c6aef4c333e4cb6537577d9e824700f67c113ea7530fb2db8dddb571dde,2026-09-06T16:05:10Z,1,1778,f1bc0795bd8a881d6d645895831c7feae4e9e89cea1c08bad2fd8c32b6c1d6a8,fork
4050469,a65133b65c7e22d3b08b70fb1ca18154c23126d2aaedb6febb7189b07883f3fc,2026-09-06T16:06:10Z,1,1778,ce73f94163fc053173604672ef77ae4d51a20269735ce00d7630b8c54d4604ce,fork
4050470,8ad2a31142ac39fa52d770d8712bcd8bae3a22d4eb67070908bf7182f93d53af,2026-09-06T16:07:10Z,3,38258,0839688eca72796150a24c055f9e48e0c9d02d1948f97ecbea03acfea5db7bd4,fork
4050471,fc0f08d229baa3b749d6356290b94c5ed4fd9a33f27301d59c7a8c8c6fc3e382,2026-09-06T16:08:10Z,2,17374,a92b458438afb39163c0943710edcd95770393ff8bd7da94a1465b439ac44ec6,fork
4050472,626f1b4d6a911e3fdf0f06c97f1ea5c7497167c3995591d60e0bd230c757a470,2026-09-06T16:09:10Z,2,24465,e007db40d63606f3c6cd399d5429c3c2702781e9e87cf4165f04850e7d0467c9,fork
4050473,8b98e1b762ca8483d3db30524499de1df989b6d3a40a47f1d8535f3955c2336d,2026-09-06T16:10:10Z,1,1776,a6c8120393a23c1c556fb155f07b965497787208869acad55c76d6686721c527,fork
4050474,f906fd816c087d6ca5a40839757199a6c5a231640eec6a3a80144ddf29c7858a,2026-09-06T16:11:10Z,2,19753,57072a13d51cf181a705c2c8012a1da8deb142f7ca7c8fde93533e2780ce20bf,fork
4050475,a02da6398dae0bcc0b1909b0b926183690fa5bb4af31595287d448cde73844bf,2026-09-06T16:12:10Z,1,1778,49701a7d169cf0e5174bd35b19b4f1d0c15d2a8ae0b153cb9d440732bbc16f52,fork
4050476,11844ede16316f2f8abc8e65bbe46db79e91de31b41157fb6cca733f0b0aa51d,2026-09-06T16:13:10Z,1,1776,b85aca899866370ed03417a70a28c637c15ca8a7402f0f0340c87c3986efa024,fork
4050477,c189fa3936be8ebe0b086a582265b2d2c99f6640b11ea40e9d3d87f45d7f50fd,2026-09-06T16:14:10Z,1,1773,58b545b5f009052e2a23c1e0b6e68ffc2162adc5b29e1a6eb8c7567a84c8aa57,fork
4050478,28e192b069f10bf969c013aee86f7fdd96364638bfce647e9d6a613499a133e7,2026-09-06T16:15:10Z,1,1778,08c893cb64b102bc93a9f3b245ea046b09e4feaa7e850f9a820b7fc2c95f7153,fork
4050479,8cf67d6ac59b638465a8d11b02bc842652319db3dfe39cde488faaa11036aa52,2026-09-06T16:16:10Z,1,1778,de2b530651606d70679e5572a6e2390e714606520634f823d4cf6b9d19fb8a67,fork
4050480,8036599f8522c713018eec4f09f4a28096a40ab62d7c6d696acc8c3cd049861d,2026-09-06T16:17:10Z,2,10958,454444733723f81bafab463c04e738bdc16792fd67d1f903eefa2cd78156d232,fork
4050481,6caa8868b95f2947f12ae33c5ddc3e02b63a42074d6632c2c7e864b1de0677b1,2026-09-06T16:18:10Z,1,1775,189ef4882ef7b0b5e4f56fc708fd93f63c2e9f36515ab7972eaa092fbfdeedc8,fork
4050482,622eae280bfc1dab6c39f03db3fb2f48c52f485d0a625d888456cae54eb1b07b,2026-09-06T16:19:10Z,1,1775,97e450e2eb5fc451b2763d25f735081f48ebce1617e9ad66562432ed109caf95,fork
4050483,28ad1e683d9b19a22ac8c8c84f5e05d4409fdaede2cf7d3065c54daa0f25b5d1,2026-09-06T16:20:10Z,1,1778,7756e6ca5aee2339a93786e826f37bf8d131274c8169c43856ca981ca0119bff,fork
4050484,b792be640250e1a2a47e94cc87d0c4091421e4e1da3b9738c3791599536e0fe9,2026-09-06T16:21:10Z,1,1776,64ed67dacd39e86e492a404ba3adc605f13bb4c565349c7989e30d6c75868136,fork
4050485,9fe64149d922d694e10ce3c045ee2f14f20912d411a2034afa57c7a0d45386e7,2026-09-06T16:22:10Z,1,1776,ad110a5674991b647466cf7807ca04bf2760328d8bf0a1f0901a2e6f17feb9b5,fork
4050486,bd3242d224a2317a5f0af76bad658e62d6d62a5b92ef440df505ac06c105523a,2026-09-06T16:23:10Z,2,6376,3a1e4bf1de73701d187f80478843e9c0cf7888662fa682b9f77f68ddb4182321,fork
4050487,553e223b351c614cc69d0ceb53047a42258b1e7299b22a0294f33b47176731c4,2026-09-06T16:24:10Z,2,19780,daa202f9d6422c48c552cb96d0a19d1ab2e1e7a1c21d396c237cdffe08abfc22,fork
4050488,3c6ba4777cbb2a92c73fd24d8aef69bf3bc2adb6d92addc5e7dbcbc41be755f0,2026-09-06T16:25:10Z,1,1772,6ba313081089000f7b4543bb85ec4c88722beb62232d18442e0ac466865b6a01,fork
4050489,3313ed1e664481a509c51fd223c2efd09911f7cece981f57351caaa5d281b557,2026-09-06T16:26:10Z,3,20654,c9478d5ede2b1e6830d4284bc1c5a6b71f183422bc5fe84b855766236c899167,fork
4050490,0a9c01aa16edc120bac7dca9c7779f8f788a6ab4e2ee823b695d8f0f0426412a,2026-09-06T16:27:10Z,2,8122,34598fbec38d27dbd37f7f55d2056e78eccd0e396c7ada055c3c85f0b99a81b4,fork
4050491,5355cb3d296cf91fa581903a6ddade141c72246ec4d4394aefb7ed2580503890,2026-09-06T16:28:10Z,3,29195,452ec7e7f6511c8bdb6b0407179bba6ba1d80d34d00a9575c704c0f84ba4a3db,fork
4050492,29912e7823b9340b0eb8a0a49cca4fd420682718bdf26e86a63f4c0356016d54,2026-09-06T16:29:10Z,2,19781,d5b02e9cf3f9aadaa6e4ed652e02c24c561b5f01c2ddc491461cb1d2cc15a9e9,fork
4050493,f84aeb0ccf2e124a35830aadd6f4b4dcfc9bc703a8acf30025fcbde7a506bdda,2026-09-06T16:30:10Z,2,6810,063a10dc927bdfeaf03df034c46ab8124b8d55e47c5cc646843a377721fd387a,fork
4050494,ae3f3bcdda6d1688f1039fa1950a94b4f25213ed2271de88443ce055713ee63e,2026-09-06T16:31:10Z,1,1777,5dc2c8a92040ffc11865f4410698ae611f60d52d50a114d83afe37c37933cf07,fork
4050495,ceafc4157a1e2d883afb025dcbdcf73df7cbfca5047e8934059c0c19ed251b72,2026-09-06T16:32:10Z,2,19755,693644d525edcb498f29687c88620c8a0d99e924baa2b13a3c3b46be2c5cceb3,fork
4050496,3de47765f14563b27c663ebd09a2038dd25913b649a6fab1bd9fb82cb55adbc2,2026-09-06T16:33:10Z,2,25527,7468a0296017532a994f168c44f7072cecd5035dd04f56705c544f25aacb0869,fork
4050497,695d0d7ad1a42103d63a9bc43fd292ffeaa4804e66a000912d5834cd891266db,2026-09-06T16:34:10Z,3,24734,3c1d1c524eb23bac004a5f6b1c1cf6fd6add4341b971956bf32cafb935c9223b,fork
4050498,0f39efb78a258aeefa708689c463aa86407bb517d267e014a3b69b7b0c4eb816,2026-09-06T16:35:10Z,1,1778,f59ebafe9f113529e63ec5cb7475872b3f709655644616f68d7f3438aba2eebc,fork
4050499,d050d2e0b72ff62a957e00b903799ca1525f6226df3fcea5e58bae2a31fd9a29,2026-09-06T16:36:10Z,1,1774,10eba5079d257de73f2bc55025d0bbca90d71774bdd708e0d2529ecf8e971c48,fork
4050500,82b00a1d6e7331298ead77b78465357ceea76a51f625d8a22f0aa6c786ef998b,2026-09-06T16:37:10Z,5,48424,ec6b7408c869f46c646f2304ba38920080fe40b97fccc553dc38a502db2c4317,fork
4050501,82ebee5ca0d239229559699a0cc6ff33cc9e869c94b233340ebba4eed24895f8,2026-09-06T16:38:10Z,1,1775,b206f1129eb4a474400282c2fc805774483d2e83d063daa3c37986df29b4ec34,fork
4050502,908a843be25b52db316ed17b1cac8134eef3e8de74c6d886e4b90b67f62a7b40,2026-09-06T16:39:10Z,2,10970,7e489dc5643a65116c472e916bad1d8e88a7b459b69b22d35d86778c1fe41ba7,fork
4050503,a383e4a3a572fb71164cbff8157a545185789221f1e2882b9a750f3ee3ea12de,2026-09-06T16:40:10Z,1,1777,fe523e8f9d96650102e80ccfe3251e29f95cff63aab17be45b15595b2a8b8550,fork
4050504,0dc6718210b2526c46c34bb1162db3017241d60499425d674cf46f47e5d1dfeb,2026-09-06T16:41:10Z,5,69497,236356676cf429601e5497ec0ec1c2df9a87ebef1a342fb50ff652e82af8555e,fork
4050505,288a7321f6de03dd3c0c8ea7787669ba514058e1bbf93230a85ca4a2204e31ce,2026-09-06T16:42:10Z,1,1775,fd89eebec8dfd86e58b75c72415472dac0ed6661c2993059056cd39131a9cbcb,fork
4050506,9d53a55bdef4b3f12a02cbaa9bca562ca952586a0fc53de4dc8dc663f3f0aa7c,2026-09-06T16:43:10Z,1,1774,0c12074457c5a2452881b9e3fcd0aa702bc5b0d91e247059fe921114d7f4bf4d,fork
4050507,87be998c2b8491faf6294816820af8d86763b194ecf32c7f4fe14d4f0c1c010f,2026-09-06T16:44:10Z,2,6374,1d219085ce70fadfd88f3ed14d9492609e558f7809b743bcc1253ab045f8dd95,fork
4050508,3a267e82797801f9ac916b9c7197a4f31aae7a2a6abb2c5a9f87f2a76d2af680,2026-09-06T16:45:10Z,1,1777,af6ae1a396a99045e133f1e396c327fe7a11064e83d61353273a64db360ab0d7,fork
4050509,460eb20fbe89b4982b9161cd489ba2eedc7ba8eb6c70c748253be3e72d370059,2026-09-06T16:46:10Z,4,42955,636db546e4a2a7c6eb0219b1a13ad35b762874eea27de3f671257a9d0fdd1bc1,fork
4050510,f87777a2a07b22b9d38acc1aef5d8d2c370860e7e4e7e8d89c2d8d02245ec733,2026-09-06T16:47:10Z,2,15604,db4103055eec3bbf8922f427672a9ec167f55cf4c0016389e15ec171da28d71c,fork
4050511,4795ccf4786e117db061aaf5c5dbf136b969cb6c52dd0104db52ea0a49470b09,2026-09-06T16:48:10Z,3,24897,2643347b2008454837897f3016148eb3be3c1424384dbaea7d4e8c466729aad8,fork
4050512,3d86140c86cd8f9e48125e95ac1dd0777c30709ba640a127da6a7ee35372edc6,2026-09-06T16:49:10Z,1,1778,3b248427b4f6c89fa498bbcfbd49bc54c23353b6d9e256ee2a0966aec2ba7a10,fork
4050513,50197cb50aa3d346cd5f5e9a6c9d733fb51846b2b25b21168e01269ce0caeeb1,2026-09-06T16:50:10Z,2,6377,bfe37c92ef0a778dfb6f30339b7c2645ee2e2971d7592656624dcbb58a03ceb5,fork
4050514,cc1d9be02277b0e9a6ae11c0b7844fa81360c9c04ea790e124f9518c1d768944,2026-09-06T16:51:10Z,1,1774,cc48a6137dfb69a54c5712037aa02310312977dc523486b1821cb8da32964ba6,fork
4050515,ff256f4a92f532550c73b0f22452ad3538fd203c108b344852dd3d239ab1243e,2026-09-06T16:52:10Z,1,1776,b4261844b87a1d7c11ff1069f1068783dd25f0834c5698803a0d9438d42b153c,fork
4050516,3667c8ce77e16a269e9154205766a24d06f9418b906a3fc3a48c5eb3643d37f3,2026-09-06T16:53:10Z,1,1773,3d10a6a2131d9c6d409dc5c8a178077a855da0bc71952692200c9ed3b3197c4a,fork
4050517,ab3bf878dc7b1483ae75af5955e0610beba0de66cd73787419f70d7e9c48f247,2026-09-06T16:54:10Z,1,1779,00e3f993745d4f1cf672e7e31c7dc59230c99f4ee48fc3a2a0d7eca385a4421f,fork
4050518,e2856d7ceaf01ba4357d361afe3e8a2ce18e02dd5c358545129ae3d74f52fd76,2026-09-06T16:55:10Z,2,15604,29b372aae11de76421403e7b3defe8b1447b7db22bc4ac1ff6260446893c4fc6,fork
4050519,d19505773a3d54355ba809a76b92e40babfcbc8eb9e0434c49b59066871a24d6,2026-09-06T16:56:10Z,2,10778,472b0d5a351a65ffdb554c452b48bdee4ffa7beb03a7f5e014a4a1e694c80ec7,fork
4050520,a1004938f550b406c39a33a9b642ad75d2696b8bd7602fca96a530d1bdf88781,2026-09-06T16:57:10Z,2,6333,5b4ba4c575d28c1bd6dd17ab7944927c8cdb479fdbcd257e8f5d708371c41b92,fork
4050521,4f60745af7916dc7db7974b292196b3555ef850670c81450df813710cae54a4d,2026-09-06T16:58:10Z,1,1778,e64921d6854e519b300a7e5a901262d6361cffed0508cc76f25a13ab5bcea5e5,fork
4050522,63c3c182019223bc69fda356d99acc08bc8193ac60a8b83fcf98041cacc1d71d,2026-09-06T16:59:10Z,3,21652,56dd63086ffd73113a2097a2d9ef14347405390bdf551af62184407d0af8522f,fork
4050523,177a3b8219cebd5bd0f1d8e7d6b5ecfdb9422814114b8dcc66d3f256a0b924de,2026-09-06T17:00:10Z,1,1780,c85b04a33810d6f8de267c99bac94de21b41480a2e2df9aaf8fc0d15b1a6980e,fork
4050524,c790f986cd0aec4dfe34dea2ae18b320482586e9762ef81aa8877964e86741ea,2026-09-06T17:01:10Z,1,1776,8e55a112ef12e009e7d6d67e1b61e8a2db6fde97b1d78a04f7ea8c5b4d413878,fork
4050525,22e1af5b0658c230e243f8fa18204551b98e74e4357097b350f3206574eee571,2026-09-06T17:02:10Z,2,10956,50c5c6fc736b214c41ea5659ec27411c8e3dce44ca43410619e6d75666ac84b5,fork
4050526,d0f852af56cda9fb210e540028e11c61066ff47763508d36daa46fe593633207,2026-09-06T17:03:10Z,1,1776,4bda16a8c9cde033c7b46641f90c9df8467ec722e93ea91f2a83da4e059a1cce,fork
4050527,ceb5b4b270cd92c3c8306990e7472170f1ae2826a4128ce438e1d4ab9821b519,2026-09-06T17:04:10Z,2,15524,b1fb1c1c267c3bdf93f4c1984a4b7640f2aba847309ddaca1483350b428b3cff,fork
4050528,065cadadade3d98a3abb0e858e4ecb83224a7eaedeff2690fbac86374079641c,2026-09-06T17:05:10Z,2,10776,101716add7481132a4f3f110bf2120845292366e9f63199d0dcc884d47a3cda3,fork
4050529,dc9332bfd4cd6bd68b8683caa9b731daa3044019bbb8a0b8249fc19ec7be60b7,2026-09-06T17:06:10Z,3,30662,e2f5e628ca1c853b781b4cea993daf4b5931e9965454e01b54de8630b0dc2bdd,fork
4050530,f8c397707df4149de2a088a14253f35c8072f4f7a574f1a30946cd2af0432980,2026-09-06T17:07:10Z,4,42351,034ebcd563f34864df49b8939904690f810f7e718a4e33e28349fdc1a0b7f45a,fork
4050531,b03366935d3bc07ec898c9ea4d9175730aaf7796b534ec55b5e397326b7e2097,2026-09-06T17:08:10Z,2,23671,7e122cdf3650b6ef1fa74757bbc045802f454e31c2145ae15108b6bdf89b35ba,fork
4050532,7558c0162fdae52e295610b33532cee82089d0ff335e91eeb3f192c2107e40c2,2026-09-06T17:09:10Z,4,51944,04f965b7d343370e734f16ca259dbfd34aee6646aa6c91f68d73f3afac001835,fork
4050533,969b9e222b04e8e3ec5b8d9ff68d399d9174c10258a1a326342e678853689041,2026-09-06T17:10:10Z,4,43290,6e6664d36d28b1c1da13e88e4592386f3cc0efdacf383293a839d8b695521f65,fork
4050534,de96785a54392672cacdf835d47207e3c9fa059e6759a44412ada269b7cd883f,2026-09-06T17:11:10Z,4,39356,f64bfdd18a9da551e32ac340b82fcd20de28b7662ac859712e3124d2c4528ea8,fork
4050535,6fc1aedf57af203fd2053bd05d9b2643fcaff8b56fedde5ed3e5a59ab8fbe9b4,2026-09-06T17:12:10Z,1,1775,3336fa35fe18ab844c2477d71b05e570da39249b98fa06b0950c503b744052f6,fork
4050536,71e0d85169b1429c7e5272cd94bd76d9f4e9ac419aa4d3b06c4bc05fecee6177,2026-09-06T17:13:10Z,1,1776,16f3604f4b1156746aa4609f513815ecd7551198d5e362e39016e6d963e32d57,fork
4050537,7f483be357be82a5692733c03f67bdd4ba9b8be7d1f9ee95aee4ecc85c212bfa,2026-09-06T17:14:10Z,3,11967,7cb75eed12eb20dfc2f0b83e6bb67e5b6bb68fa5a171a21e00604c83077c64ed,fork
4050538,6af28a383bc1c9f80837d66c9adff80877a780ce496d100de4cf235e59dec819,2026-09-06T17:15:10Z,2,15526,3d25562c8dfd84cb810c3211a2263bd5b12e332daf314d5f1e93fabf9b1ab9a2,fork
4050539,04eda5e00021ce8109c70c9cf418b96e36d73ab2605c6a20a18b9a9b7f02d315,2026-09-06T17:16:10Z,4,51512,597fbde9763295bff959198252fac7662ec6cbfbc65af5f98df1355c3fb882f3,fork
4050540,ce0ef60067ec394f30efcd3c711081ce952a7cb7a48ee70ff5d7328f323348d3,2026-09-06T17:17:10Z,1,1777,771b63dd49431d0db80bcfe79d746261d3cd5fea200b661af06e8f013346a43d,fork
4050541,47b1e3da6b520ac2512e54f47ad7311e6b5e9317c8d401217b0a4fac8d67feb6,2026-09-06T17:18:10Z,3,33710,5407a15cbe741044a9e7e984effd1b2edf8597a6c108e47d8addedb15d92d68f,fork
4050542,6f4da937f2efb22ce84c5c32d607a731d413a3ad1c8b743b7193fdcaaf0c53fc,2026-09-06T17:19:10Z,1,1777,ea58c687535d0701e1fd54a444d2bc76de683da9521710c416dda618a28dfbb4,fork
4050543,e5a1d3ab845ae8a75e88a5a773f63baab7af13e0e4a5144da27539e4d4cf78d8,2026-09-06T17:20:10Z,1,1774,1354d00e2d3c17f79e626b9ddd02e81c98ff8559bb37a19f0a9b2325442b80fe,fork
4050544,319ddc85caf7cc11e38c0076123c0b95ad2133a40d7bdb70069b4d17ea9a6070,2026-09-06T17:21:10Z,2,11857,6636d1e4706f8305037da0a7ae463a35c92125c43890e7c58c2cabb1f1fe6336,fork
4050545,3545c47de0ddbe80cebb2fea55c5a8b8a68aeb90344f58c9ab3cd7a011173a7d,2026-09-06T17:22:10Z,3,42442,80aba4fb0117d5709b39debf85528b8cbe94be15d6802323a21ca541330946ca,fork
4050546,762679fd8d5a43508a29d69565c1dca54bc52279cbd5c9f76957a9320a46a849,2026-09-06T17:23:10Z,3,42683,21ba5868ce5dae0bbf72376592ba37a541f69ad286228d01f7f0905b5e873789,fork
4050547,06adf74341c963285336c094ee3e8322047e56ca4d8359e79f7e8ad5994ceb56,2026-09-06T17:24:10Z,1,1773,516b9a23c28b068bb8f5486e0ec565de6cc5b409d6b026dfd820535cc6bdff2b,fork
4050548,efd78c102f70c1c286bf664a7d31a547a188d67f43ef312ac379d0bcb3d74423,2026-09-06T17:25:10Z,2,6400,9ecca03b5b89b3a73c13625a553977f22e189d60d1350fc8a8975c3bbaa3830d,fork
4050549,80ab8d87f017337a1e952af754d077f4ccb2934eeb980089a9eeb4924d5230b5,2026-09-06T17:26:10Z,2,15355,d3dd93271296f73c77797d53a7f0d5c87a5c2bc99966e90750478f21cd7acd1c,fork
4050550,c555599021985639196fea52f7a8a3d58d15f5e7af4ab20641c84deb5647ea1b,2026-09-06T17:27:10Z,1,1777,b68beb1d0cb09684addd7fd92433e24c6cfc7632745617bcc3597da55ef5cfa4,fork
4050551,7f542337879e0e5c08c89dac369a3d22f4b5db2bae5e9d5d07019c78d3fe607a,2026-09-06T17:28:10Z,1,1773,aadd485b2c996147eeaa41f70d3c16d982f58f738e6ab07b4d34a320b6c35fdb,fork
4050552,381391fa036e53e5113840f1c875f6d6fa612612094593f375552cd6525e64b8,2026-09-06T17:29:10Z,1,1777,79d248c60eaafcc7695b8a19eb7778b7bf23b96cf6a9738eb1156d590a155aa2,fork
4050553,bfd114bb7cdc61b2b635fe25de6597120a67d37111aa943bd48cf753bc03b090,2026-09-06T17:30:10Z,3,28915,39efc4dcb429301974975737c7967e1e8211122853dbfee81173e4a97f1be50f,fork
4050554,0eb6f26f72ef33fe8dd42b03864be58392ccd637082507cc4f2a6c8bbffa1aaf,2026-09-06T17:31:10Z,1,1775,3c144ace4b1d645ea62d1fc1a77d72e277b33372287838c5cde11330bed9d892,fork
4050555,55f237e10dbeeeacebdaa02c34afdd2f16b4efe4444e971063681f0073552fa0,2026-09-06T17:32:10Z,2,2811,8ae9729826c8d89feb180a6d7325389ab1f3d36ab1f0049a29c54e29a49a6d42,fork
4050556,6ee7f59a84a4505d628b3876a4a1b1fbe3d8183b482bfdc300da6122c15b502b,2026-09-06T17:33:10Z,1,1777,cf832cabd420a167bd2fdcb9a508df5cf702fc85557bbef90547f9d58e45b7a3,fork
4050557,985ae2deb3bbedb06004550d57d29d3132e3dfe6a7e16de4ec29fd1663489332,2026-09-06T17:34:10Z,3,33484,e0d0477ed70b6cb94d285b0aabdac088e0b580cfdaa4b50d1958fe565f84b2d7,fork
4050558,fac8b614d75cc6dd589c2790ac6891bb7fa4f6041f9e606ea760c9ea2995b66a,2026-09-06T17:35:10Z,2,10765,926b31ea00582a040aabe9b8831a8e6bc6ccb5eec56b9e5a3b0d9f48f3448330,fork
4050559,332484b555f0ac4d83adef9b7e50e8b3154259accdd05dbb1fedf0d75ae2c702,2026-09-06T17:36:10Z,1,1777,6447eb462a2242039e21c2073207ee4b503088d4257044af96dddc2574b32a13,fork
4050560,c4e7c4ec38e16b55db73c17d78d91b0648917138f839ad9d8b1509419f22ec61,2026-09-06T17:37:10Z,2,6375,a9bc55f54cb41648b7a44ef71675764bf0fc4aa6b726e2acddd5cbd3ab26fefe,fork
4050561,032db0ae509faf130c84e0461c765ba341e3d238a8c28c43ce0600d5f6791f94,2026-09-06T17:38:10Z,1,1775,9fd5517f5792999716e28173bdbbc351117cd8befa3eda0edf8196bbb577cc59,fork
4050562,81d7d7b58756ada60061376c8d277942f4f1afee889f4ae4882f0e27cd058707,2026-09-06T17:39:10Z,2,25526,3125c269686171dd6edbff7d618ef3f3d463386b041a502f0cf9b99b8faa7213,fork
4050563,45a6e8dfc1a2b66aa6bb6e648eaff24bcc9f1ddfbac78fedd8034736e3bdaa27,2026-09-06T17:40:10Z,1,1774,719fb8a72f7d76c9c5b1d8cec4ed6e338e13b6bbf886b6d3ce7680a3180fa14c,fork
4050564,cca4254a74860a7189d6b7e914debc140b5946e09cf267948439f4c4b0ec51d1,2026-09-06T17:41:10Z,2,19758,032390867c0ab60ee500e25b6c8283723a71b5a07d5e9916c2b6fa8ee1e220c8,fork
4050565,00c705c6a2f0af1088f6455b62c4d15b79a94ea6beb7a4d62518d132de80bb2f,2026-09-06T17:42:10Z,2,6373,eec16e35205fd1837f86b9a6811772f2e258240abb66838f7dd23ca32c268187,fork
4050566,89d20ee40f4a1d9b4736e681a7e53678cde9b70bc190f22bc2d262d8823e5a89,2026-09-06T17:43:10Z,2,10769,fc5655b133976c4450d95aa75a4e720d5ac6071c02c5714e165dde0f4efc97cd,fork
4050567,b78fcfcae870f0ec540b53986406e99328c516af89b224b76af3de7bd52d75b2,2026-09-06T17:44:10Z,4,38363,ee713920f280a61d826c9cefc898a268d78fa87166f245e960607f272a9324f8,fork
4050568,9ebe14ec7927e1c041b2ddeaba5507c844ff4e23b64163f3a9015beac6aeb426,2026-09-06T17:45:10Z,3,20161,d28aa85dee0f85b8ea2cc45a457448034f6b2653a293e35c6ce50c9640c9be87,fork
4050569,693c926624deea43222ae96cb9050494bd01af9385b73be5b6ad299521fe1328,2026-09-06T17:46:10Z,2,10740,73510cbe6ee62bf87b610023eb27896df5fd522ad9fab14f8c2d0b5889d4debe,fork
4050570,c34d39f73dd3cf6d62902238aa4ae00c71572eed6fed70e3a979527b8daac696,2026-09-06T17:47:10Z,2,6377,7f54bd92601cb24446f8c689d48ca677d945be504de0c1f313c85887526758da,fork
4050571,e277ead9fbe4b570e38fa4a3833d7b319693a0be122436da828d4bc75e4c916f,2026-09-06T17:48:10Z,1,1773,22ca14b9d56c3872afc79be2a35048132311254fc1c7b524c7e05d5c1b4dbc04,fork
4050572,a83c71dd9e3be1bf0075e6ad6439f2e0e0c020dc33857ce6e308a144cd8eb6ce,2026-09-06T17:49:10Z,1,1775,7d70c6b14eca29ca914369655fc971502604a411f1c348cd30318210aeae3efe,fork
4050573,8c53d1a346bae9f580d14617b245bf6f63d6c34182293c1293b2438d676964d7,2026-09-06T17:50:10Z,2,10742,415cc82e6dc1765850b007b87d8b01139b188e819726032d458a4d5e8a0cad97,fork
4050574,988c2812f95537b5e2a266990ac05b4a57b39c579eebdc655e5d9e63079df9a5,2026-09-06T17:51:10Z,1,1777,f4d5f501bfef5dfee02da4781ac37adab1edeaaee757da1dc74d71b086e467ad,fork
4050575,aa2f3dbef39db34856dc3f0aed28b861db1f9ccdeb7e5e2425f52b4ed7461e22,2026-09-06T17:52:10Z,2,19754,c8e7a111a151e8c93ddc7f81713448f0625ee5bc6fed9f5be6025f9f01358591,fork
4050576,0870b9ddc5bac757b8a7a2a2361a64db7844f7a44eaf8cf18415c9e945075cbd,2026-09-06T17:53:10Z,4,30450,33c88a37471527d7943bbd922e15a610614b61d91cb68a32a178ede73a02e53e,fork
4050577,06db896778bb39275f6ec99cf7be3e45ef2e2d832f87516a7a942198799acbb0,2026-09-06T17:54:10Z,1,1776,553e4b9295e71b4baeba5a80181f572952e161faaffc24452e5b21d9ccf2bb6d,fork
4050578,7a8f4d5adbe6eebeb426718a630cd61016a6e0093bcff7c5c40e644c7e764ef0,2026-09-06T17:55:10Z,1,1775,e5fc61984482cf87513542ee9d9c790188bf269619d5fc97c9cba3e904b185e6,fork
4050579,d2c02c2a1e10e9a63ce55b9d446cf815e5c26062b539345ea36da0a4c74b32eb,2026-09-06T17:56:10Z,2,20058,2d457974939694aa921f44aba953a0ade9a56484248155bc31a34f075d01a211,fork
4050580,6305f65f91bdd4f00e82c5bae1280f793f80b55c55adde132dde9714523288ab,2026-09-06T17:57:10Z,2,10770,b58661b5737c578c38d97df76917bb92a8fc337820c2b5b51149ebcc72bc2f4b,fork
4050581,d5b867b0cf33b37517eb09799095512ae61a9d372199dedced0500ed5d9f8552,2026-09-06T17:58:10Z,2,6397,7cff03da5a980972bc257555f69c40b50f7dd11a5bf890560f534b5234075bb6,fork
4050582,e93d26cc4a9abf806f37c959d39bc6cb23d0a875213ceffc59b6379f15afab09,2026-09-06T17:59:10Z,2,6740,58e4187067b249dce4052c5b7451839ec74a77ada3bb9ff9d5a979f070285e20,fork
4050583,6eb51ec24240e62c32f6bad47c346acf66ff8410416417282ee2db544dd7e88d,2026-09-06T18:00:10Z,2,6376,651ec32d6aef5079e34dcd87e5198789454d8f0f45025e0633b8c3a4439d91de,fork
4050584,7500842ce01591b23cd43c0077d46db829b43de29c084254196898c5c7b3d6ee,2026-09-06T18:01:10Z,1,1775,e0d7b97de461c06ec4d97bf63519b77730bf98642cfa1ab0a4841ffa1a2f6200,fork
4050585,82582c5700ec994ce3761a811f8cf7f23302439f53e6526b0d632028718edf4a,2026-09-06T18:02:10Z,1,1774,dad1d91620ffb10b8bd667f2495a126dd67c994409f9ba418dae3531c71c05e1,fork
4050586,e6b4046c878d98dc5e880e48836679c98ce153b6ed0ba79b6544176b7f6bce8d,2026-09-06T18:03:10Z,2,6555,ddbaa5bd0d867dc1c2b2bae2db917e1c8f26ebeb431434d34b2c7ba5aca62d98,fork
4050587,aff2ef019466c9f13efb1cc8c2403bd8a34591730928594520bc0d965141c06c,2026-09-06T18:04:10Z,1,1773,6b59d79384eefd69b45fe569cffb5d19fd64c3ac2460c695bdf2ed242cdc0ce1,fork
4050588,91b7e0a052ba1e817bf61a851842e1e90010e63a0be4581d04c403394ddacb15,2026-09-06T18:05:10Z,1,1774,467a376483b18a99d36efbd608e0194e8a62ccadcb7500ddf74039b0eace15c7,fork
4050589,9aa16e57b7c263fcbfd1dfe3a93b353ee0d118f8f7446763559c43e00e758daf,2026-09-06T18:06:10Z,1,1776,82482abc9333ac5eae08cc05eed75b1fea52805d12d79bc3ebae02b6aacce030,fork
4050590,1f51e39b04195706ab2baaf332007e7dd5705d8f1a133632b6722aca78e98e72,2026-09-06T18:07:10Z,1,1777,60f2fb0e3dc778cd3002b295f6cddaa41b9df648257c296284cde932e8809d7f,fork
4050591,91d82c2fb9afdba85b64841584010dd02ffa1ea9f05123d2e2db89f30b546cd0,2026-09-06T18:08:10Z,3,29556,b1cf6e23edaf0bf9fc32c96e97d1a2a281d326328411a79d498c7381c0459bcd,fork
4050592,cc0fd6ad8dbed0f76a39f031d64a843014de28411a3bd73c16028e025570052f,2026-09-06T18:09:10Z,2,15355,29f8b287ccb962aad2b9a2adc62147cab65bc6830418784b2477227e0899ed4a,fork
4050593,856f45f549e439c858f46976632d7237f3ec9224caea267b705e2a404cd0921b,2026-09-06T18:10:10Z,3,15260,d76edc8610d1d94ef74feabb7caedbc4815895d130d14965f43a9c25a13c14de,fork
4050594,b1bfdeb176e9c088846086f33ec0e791b61c26cfc0be15c7f8eeecc8da21a20c,2026-09-06T18:11:10Z,1,1778,751bdd95e935f7e76cb7c736bf625d6253c804d56418c18fc283161c429ab81e,fork
4050595,82e7624bc04860f26511802303bddf0909be4295f2fb3f3b139e2749192f70a4,2026-09-06T18:12:10Z,2,10740,0ae4a60bfd3d1be940f278841338f14c7e3b02c909797fc27fed369d80264c75,fork
4050596,ccb6c65193c32317b4dc4895ed0cfeae9f6597ee796c7426246f6702fdc4109a,2026-09-06T18:13:10Z,1,1775,95d8eed3729110083bb33cee3d259a34e97709e31437e0a1ce065d8f9e23d3d0,fork
4050597,bd83ad591cba57702ce5015a43925f3fc0ba886eab628545a2113b2f814efbbf,2026-09-06T18:14:10Z,2,10959,1c639f876f58c82f4ee218cda0398efc84beefeb49ffe8ab7865d35e13b708f7,fork
4050598,c31b40a1c62a1461f695c113f5af455dcef2146aab28cdc0b7eb5511aeff932e,2026-09-06T18:15:10Z,1,1774,32bb76b45ebd7ae3076c2fa37dfd0c4845d5c7dbedaa4230a130ee0bc5940768,fork
4050599,0440047ec79d301036ae957a59021b1bcb136431747256ed633b5b62e18c3270,2026-09-06T18:16:10Z,3,15718,ffb82e11f1e23ee9e764c941b5772219d244c397d7cb69d1cd04dd0ce74c183a,fork
4050600,39f40c7f9dc21bd387f6d949b20f62013ac831afb4bae6de32a61d2887dd40af,2026-09-06T18:17:10Z,3,24357,859b486606e165602de74803e05c8e30510df3a539b1fbcade1d882d03e6ceb7,fork
4050601,4b41c2323ae1e18b143d80cc0aa7d94c9cceeed35dcc4b7f20cc120bf5d83675,2026-09-06T18:18:10Z,4,29111,3daaf9a63eef7745dfdf982947489c048fe0315cf686889231653383017371a9,fork
4050602,83d6629ca811fe76b4af501a2fc23ebdefce81287006654ab9a8322ff436c096,2026-09-06T18:19:10Z,3,24563,b5c13a0565467c5b125242fd977d906190c3aa27eded15776f822eac66d99eca,fork
4050603,5380faa1b8ad77a92e920bfdde1f949e271470fd4acacbd7f05a740cea92a146,2026-09-06T18:20:10Z,1,1774,bcc08ab8c3a95d2c95528eb5b291a0baaa3c0e2901839d81db387dab4f3825ba,fork
4050604,5d365f0e746efaf11109782116c4123662c82aea48e1b2eed9d7fee15f37afea,2026-09-06T18:21:10Z,1,1777,0ce10d25f08e6fb90f2b8078048dc52b0778d75d9b092f16bedd11efd6800a70,fork
4050605,ec2b3d16d3d175bd1347543421487197fd3b62f10a89f4d17c3126745de9afe8,2026-09-06T18:22:10Z,5,35545,17633646eb2d6d67147c19114b04f7db54514e83b9845c2749e864d9a7a3e02a,fork
4050606,35ad3eb8f4587ed218ca2456a9cdf4ac50754218543d768a25e0f15e7a21217a,2026-09-06T18:23:10Z,4,33672,1b5bec5dd36a4f76a9c8834b5830ffc4bddb3869aab8685590ed9b063a714855,fork
4050607,edd6dfca3c918974f4e151aa4ece79b9bbc8be0371ac00444e61f9490a692746,2026-09-06T18:24:10Z,5,71111,f5647265ef36ca7eb865a233a67e7774f43ac3a9f34da213a34eab083d8a4c30,fork
4050608,de59bf82762a3c9127ed4adbc7557b8a033f8d8307593d02caf5460bd6942279,2026-09-06T18:25:10Z,2,15904,d8e150a36880697d2972e60dbf556d8303a292de41d7d18b1d527f832fb53631,fork
4050609,45f5369a43ebcd646703d1d7263fe3f401174d0299cf52cbcf745b6678d2bb4d,2026-09-06T18:26:10Z,2,10955,d3bb55b8a0ca764cd2434fe3f38f4217dbe7488bdccb1cb2ec90a574ff4c4152,fork
4050610,93701550bda12415f7901ce6c90e026328406c9630b3ce35eead84057f3cd37c,2026-09-06T18:27:10Z,4,28627,4d52959e31570552fad75b2e4fc2ddf29ec246d0bf58665148e25dfde877decf,fork
4050611,61ab28e139dcda191023bde11a208071b6196e3b72ff68f0d2332aebf84fd0d5,2026-09-06T18:28:10Z,1,1776,cef6af0023e351b8d26d7efa36ad23b90b20a34666c06b34e5a5e5e1ad43d7ea,fork
4050612,b957deeb5923413c4023d489dcaf4608a4accba6d2eb9511bf9fbea9b7cd6136,2026-09-06T18:29:10Z,1,1776,d04888534310d372e6d2cf7e281930b947938cb52fec419fc9609776859e3348,fork
4050613,5995f4848402119d065cc392bd54ce8c55ffe0f98d58422909d572c127022497,2026-09-06T18:30:10Z,1,1776,caa4f8c880830d80d40cf6cacdbc8878e4bba4695714b33f385b892ac8ef8bef,fork
4050614,5a6034cef49416be01e263fbbaec95ab30c5cf698050fe6d11eb0125b05e666e,2026-09-06T18:31:10Z,1,1779,88cf44c89c635a30021f4aa335b659fe8b7ebe3d897bae174086eeb1c3941e47,fork
4050615,63ff743be7735ec7a472722df593280f20f50cdf852a0f87947da047ace866be,2026-09-06T18:32:10Z,1,1775,951722c7ddc37f1b5825493844937d5223f43dcb724e8231f0e6189152856882,fork
4050616,b71bb4b59ca6649510f06af6b8fa01d011cd7fa5bf6c3e03c869bed2045aa0c4,2026-09-06T18:33:10Z,1,1775,1bc7b3f4874f6cf2bca41c0a26f19359d86a4721f2f5e329e5dae5182880394f,fork
4050617,1d62719d64e87b3ed2d9347ebcbd64b3cebf8ef25a7261829d1080e70d638d02,2026-09-06T18:34:10Z,1,1775,49c41a68352267a7f921bc3385600b7ec74448f6aa9b0f893c0a66b5f4cb43f2,fork
4050618,967c7ce987165441a528cc5fbddbb80d7f12c2a506074c43cdf6126bf427ee79,2026-09-06T18:35:10Z,1,1775,974a9f16140a26272eb8ba489f8d27bdafd7002b443743d63d89d34efa9d3b64,fork
4050619,c260cd2fcc26c83e1f8470e6a64c6003c282f06acee331c3d4216e97a8d752ac,2026-09-06T18:36:10Z,1,1774,d4b74b782fb840747eaf0a53b1c88462ad38ebfdc01e3796522f5d162f849a78,fork
4050620,6d6f617f30f82394b47293cd5e15320fa22f9c78b57727ec61286a841c0c07e8,2026-09-06T18:37:10Z,1,1773,4d3f0b674406c1d2278b83aee741fb00a24241b98f8d36c9670478f350964ae6,fork
4050621,8ddfd7d3e5a66a978856a518b584fd76eaf645197d15765831aa66356566cf9d,2026-09-06T18:38:10Z,1,1780,931b04aa62b15a14113f64bbf7b2ce604585f7eec505dde29bacfa1e8c85ef5e,fork
4050622,cb52934d1ba824dd77b71528f93c80c564214d90a6b7d95dfb5b6baae7a91787,2026-09-06T18:39:10Z,1,1774,ad8dc357c190dd102ee252a80828b63d425d2a9c0584195a463df69cff8d4264,fork
4050623,3b89a9e4239d82a6355592721f7261b0095dd174446f3a82a31f405c2d865cb1,2026-09-06T18:40:10Z,1,1774,b81e08e4537e9019af2a103327411ac6670af6b3725b27da9eff151199674d30,fork
4050624,aa9e5e1748da5449fe54a27544517c8fb798f6c9802cda80e03cb351e4079279,2026-09-06T18:41:10Z,1,1774,22feade7b4d3df92a44fb6789806b805da9d62f6fb847daca869dbb8ac6fe025,fork
4050625,ec833ab491921101d7f0d1d6fcb57b138ee1f56d4d3238fd2e750c16e63c1837,2026-09-06T18:42:10Z,1,1777,dfb1c3f7cbe39849e79cf131943ab28b9657da2bdfb48b9fb3e4158b1f62276f,fork
4050626,0cab2f8e58664fe8d0fd3b1000ea79e24681ef871d74d0d4dcf23fc4d4e39a28,2026-09-06T18:43:10Z,1,1776,da409d233a68fd7c6bb6feb7b363571c36203a63c21d57f3616942f9278d5815,fork
4050627,ac007815b9514aaeff9df6bafea4418970b029a3b4631a07fac3aa3c6b7eb254,2026-09-06T18:44:10Z,1,1774,b7cf522b01aad4bfe66a52fe50c183fb87bb16421d17fa1f3496edf7e0e081c0,fork
4050628,c054d236ea41d9ec1835e7cef9c2cf78bf31d74e819bb37ff261bc3cfe1da914,2026-09-06T18:45:10Z,1,1773,6d515018f5372f3c7bcf1ef764d11cd7b5bf8108edadc4483cfc33c0bfcdbd52,fork
4050629,e99957e601fa9d1b54d34012b7f3f8200adaf5ec172f60bbf47f6c5e3c8d10d1,2026-09-06T18:46:10Z,1,1776,2064226ae6505f76718ecb13fccacce468d33e2fd19cc803152b6cf02551796c,fork
4050630,e3dfbbfcf7eb6d73774cceb1a16ab3f630f9e20673afe041db3764ca15a8f5fc,2026-09-06T18:47:10Z,1,1778,faa5ccbc3881b16c137ba72ca7bef7d0901c956d93d805f84ddc0f9720bd177a,fork
4050631,50463cedb24228559921e601f870f1697445fd15537c74e5fc380278d5ac84be,2026-09-06T18:48:10Z,1,1777,6828e60049973dfe5e7e8e28718c35599581490f420bfad529dc6d6f38c41c66,fork
4050632,3233134e5ff3c921e4fe92b6ccc22f9413932ebae914fca57d11018652cab2f7,2026-09-06T18:49:10Z,1,1773,eb8630c72c8ef80e358f3878e08455a65fd0e30dd21b2a54eb715c9c2278bd37,fork
4050633,bf260046710bbe674bb4e845b0923cf4da2073f2fa7179c8c069c9739c8ef464,2026-09-06T18:50:10Z,1,1773,7b9d4fb571ef72e99ec2c1b290d2814bf3c4dc7a079172b68d15f28ccab668d7,fork
4050634,ad1bc9edb656bd322a0f15f274fc486443057f1dab638917d7183abf94d80817,2026-09-06T18:51:10Z,1,1774,9f2695dfe42d786ae064f82dbcaf69a9c3ac669454f316694bf4a2988b5de30c,fork
4050635,d856aab594cdb8ebb6259e59687fb2b376b365ff67f502e0f108f9d66baa488c,2026-09-06T18:52:10Z,1,1774,45966b0d9c4d8dbebc157b0590de57ccc563cf1e3ce664089495364ed7292b9f,fork
4050636,aa980794adc155668c83bd01e5aa0593502d4dfb6c8badd08c2d6d2918d0424c,2026-09-06T18:53:10Z,1,1773,3cd2cd87c2a0318c220a35024a06fe3b6ec2c60ef9e24ee754cc2abb0478228c,fork
4050637,0e11ab85d4601af6c94d0d9a2f666ae5a1b01dd7a4900387b1532b8be24660b0,2026-09-06T18:54:10Z,1,1777,600fc465d021b415d9b566a3dd81d92e2a1021bbd45e8848ed284f7620ea7970,fork
4050638,8ac2568d43061652f3cbc4822881821475f25fa2622bbb9b5955d8a58daae91b,2026-09-06T18:55:10Z,1,1776,bf9be07e7697b0d787a6ba34b6aaeefd66a06b50f351889459cc00dbba94f70d,fork
4050639,991f5fbf9a5754c8b8e3de1453142446eab54f73c39e8649441a6e61f5a5c5f8,2026-09-06T18:56:10Z,1,1776,d709346a49b2ade6f9558b68cf83d1bca361ef5112afb1bfe993a062a49c8072,fork
4050640,65f52563b935c984d4d74b07dc731a8e01973f609f6a0c85a5ce6095b8417871,2026-09-06T18:57:10Z,1,1775,e79f5bac0c67d86b982526f61664f4473a65b10f3f4da28d03953c4affa62633,fork
4050641,e78d2bd62b97d725fd9e423c5f1465cedfc7df5c1278172270462b6b5a4827d1,2026-09-06T18:58:10Z,1,1778,9c4501c5faedb64c6bbb1e7c8225165c1c9e18788932b478f3909def73e7501d,fork
4050642,074e156de0bd5016cf642f607d4c11688c000118ad08d394892d952dbe2fd2c7,2026-09-06T18:59:10Z,1,1774,31655ad24ff4103e09ddd35c851f62bb1b0aac6531d8e0fa14156ee8587a835d,fork
4050643,919690544dd497ab280f42f126ce2a6f64e7beb5b3aed67fe5b82db4967e8f33,2026-09-06T19:00:10Z,1,1778,4358c1237d27b6d65ae1bc8f96f7daf0860aa7f6da97a6321a7c9c6f762de4fa,fork
4050644,48c3153ca601d0e2e8e76bd3fc48d9ea81d5e95f037a9f02a9235d1c51aa0c36,2026-09-06T19:01:10Z,1,1772,7f8228db29634793733c9100102baf186047f6184800102536215b52667faec0,fork
4050645,d6de070be3d88b7026ddaf43ed0ee8b79aa4c01eb5feb4b18a9f968ac681dab7,2026-09-06T19:02:10Z,1,1776,1637420939ce63c4f71c48cd6149c20bee8ec0912c27d95779648c4e09763e09,fork
4050646,b22fabd3a4bcd456575b0e2ec7931c9c3cff2d382cd4a5c47036262161d8c7cb,2026-09-06T19:03:10Z,1,1775,76dba9b718cfd8a14032fca78abcd8ef1105ca5f3d538b46581b94bf41895515,fork
4050647,03b749018a5950fe268634e9d040ddc0febbfb84cd02d4dc34a1d515adbe18b4,2026-09-06T19:04:10Z,1,1773,70f311b9fbd0c6face085c2eda65c45eaa61f9c30bf1de845beabf50745fd055,fork
4050648,f6f662eefeb7f0c8296dff846a586ca32771356cadd4bad6bcb2ed279c92d2d2,2026-09-06T19:05:10Z,1,1833,e75ba772c6f4761cd7ccd16f4a2ef8e37145210e46dd9c138bad1abfbbb344e5,fork
4050649,749e3c2106dd9ddc15354a03d2ee03b806ad928fc8d8d8dd5481df634a896a58,2026-09-06T19:06:10Z,1,1773,bc73eda36b78b3e2f6d94e0a36f3110bc8a41fa687f678f56efc7df97928d202,fork
4050650,8bb084f0554953bd992074e1107e58ec60a9d47f8d3299c6277f91a9247696b4,2026-09-06T19:07:10Z,1,1774,434441234f828550fcbe3628ce29fdc45eb3d773480a05bbc30322674f29c3d4,fork
4050651,b377c6ff1e46b8d112045a94ff79443180adb487ee1a26a78c8ef9d6d144e2fc,2026-09-06T19:08:10Z,1,1773,a9aa1f01e57f4f500ad00e42262b12b95e891d3f564c703795ea15d443082129,fork
4050652,07e52f270fe9207983abfd83b8e2c255ce9508ab475d347480016adb53f68d76,2026-09-06T19:09:10Z,1,1778,098883241223c3251e9dda6587f2b81c4cd76144552a161dfeeb45d11570824e,fork
4050653,feec1d95dc8d4eb9cdf6229eb47af49f3d0230c52dd3a532b55f08b9fb3a00e5,2026-09-06T19:10:10Z,1,1774,aabb10a3679805a91d3f86009b21fa58719f82d2cff607a7eb4ca0c359c4a5a6,fork
4050654,31ab517846c0c891d275239a931de360a5c1b45abd6503e409ce6574ada610cf,2026-09-06T19:11:10Z,2,15847,aa7414d77e348e8aaddbc43efd9edba65f491aa3c85cd1c877349219f9d6b3e4,fork
4050655,2ffddb2046311f4ae4ced1d6fe4d25bdb6f548b70e25cb259277a670fb269e98,2026-09-06T19:12:10Z,1,1776,2bce853e4562a1eea266fa247078acd2953442b63cc0b3961f2f7667c47c0e5e,fork
4050656,eb1c4482a44c57259dd9bcb412316617b584dc5bf2e74273964d8066b501ce57,2026-09-06T19:13:10Z,2,10752,d36c41ea4699b6b620c42d809dcbaec366cb48048f0ee18453b55b211cb5ee65,fork
4050657,cd901af1d67dc89103003e4d7607c248b33007c056d8d5fb4658933d7196ae3c,2026-09-06T19:14:10Z,2,6372,08d4122ebbab49ac5ffb55b5a7db3c639f4b2a1348c39b567c9bea25f1ec5e37,fork
4050658,1c6e933213b2c7f666654db1458709c7a87f6593ad0265cba9600aca69f95d10,2026-09-06T19:15:10Z,4,35919,94d7ab1dbccd97e0314670aafdba2fbda304354dd58a8e226e51586bb3d4a2c0,fork
4050659,1f2acf97b7778e90510d64314b4941e700840c9ab01e6094f53bb5fda1300454,2026-09-06T19:16:10Z,2,10743,cbc6a8ddbab7e90ee50f02d2a3ec4dfa92f877243666a0c922454dfabe0e3e86,fork
4050660,7f134c527aff9edb9600baf94e1f0e78bc56adf239a8fcb855c3f9c1aca3a251,2026-09-06T19:17:10Z,1,1775,5672613551475b8b4b4461605d9f7bb4d6c7fa5a60ef8d456ae291be91e3ab9f,fork
4050661,a4ce07a33834730f1edf28b8a3ed980642effceb68b38bb1e0f94c759af28f42,2026-09-06T19:18:10Z,2,15600,4b56e93248842ae409ac6b13f77fea02aaef1795dc8a293eb8984462adc2825c,fork
4050662,316452d9227b11ac1ff645adf9b95a6c723fdb1df0afe7f14777d0990646f997,2026-09-06T19:19:10Z,2,10778,34b41eda1b9df0daf78fbf619decb07b5a16a1e9751adef9c41c533dcd60cfba,fork
4050663,d6d1b2836fbe83d1113d9f9b9403fa4d9c170fd2659226f3e2b8690c39bc871d,2026-09-06T19:20:10Z,3,15372,6f5336b56aa22c67efc67a4e40fc9a8757b20d3d581e20a780b12ff86d400031,fork
4050664,3211f802d636e150cb08191807e9038bf054cddde4b5874232bab51538d547a3,2026-09-06T19:21:10Z,6,39421,b068f360f130ce9f3ce6706394bcfc4afec400e3fc889bc0fb220bb487a75e0e,fork
4050665,d3fd1117f4ebd2d25e878f70149740440bc010eaffec7d5b7eb517a846d48fc0,2026-09-06T19:22:10Z,2,6334,5952a8e1ff8d7000354b650e89437925ea60561f5176426e53d5f869a1950885,fork
4050666,bdae3afe2806f06979b47d507bb6c33bd89650184a8e3ea916589b8bbda354e2,2026-09-06T19:23:10Z,2,10776,63240f509094873591bf77f5540a0e7bb5d50caf787d0bd20fafbdd6d1eecfd9,fork
4050667,1a02b8f34b4c9b732ab2816934a37611198e45fbec5b3b33c673778c1e70d0b7,2026-09-06T19:24:10Z,2,6334,a21b0af70fd3b786a8f86bc8369391eb00dbab5b32256fb0b63cf93ec8cb4bae,fork
4050668,fee7ffd9a21db645e163a55e3dfd3f73b5605357e8446d1a552b6157d1bbef3b,2026-09-06T19:25:10Z,2,6488,022ebc2195c8bcc215d2e27714933421f06e778b6676746c3e1e988cd3c66432,fork
4050669,78ebcd58bab174ef3e3475a914f9c224f1138654d5977f6f687d0a281b25bbc2,2026-09-06T19:26:10Z,1,1776,a44f3a2f2cc9d53ad0a632a8fd52e94badc5f795fdb47fc55d38613069c07c7d,fork
4050670,a8f2a626bf115eab5648735fa4914ddea324b0e8a4be9c64f7b38edb2bb3cd99,2026-09-06T19:27:10Z,6,61057,cb7000e3bd9891b8c3f34972e447239458a2122ff2663749742a01425d13e40a,fork
4050671,671e7f86c79a44eacaf28d5106b70ab057e5346361b0e7bb6ffc1b9f0bd0b11e,2026-09-06T19:28:10Z,3,15549,940bc746078900dbc6d9d0046b825b25fef89b28ecf9d267839c5280e8d7bd1e,fork
4050672,c2cc2cf023b4a7bd524a880b60ad58fdc2eb0afd8ff6b7e98624f61c5783839d,2026-09-06T19:29:10Z,4,29037,4badab735fed3d93191ee42864e0b15360657259c34768f7ed1c11be4e052d02,fork
4050673,a106c8a0a6d2ca96180bb712cec6aeba4fbc2e174b8215de81a5fcac6fdc6d02,2026-09-06T19:30:10Z,2,6333,650dfe082403732e83ec65b72548acdcda932b7f0f939ba6c398b24c4aee9a5e,fork
4050674,158a6b9dada5ba49271efa7b706dd724d59a927f10cd027c9355329f1ec42d8a,2026-09-06T19:31:10Z,1,1776,bf945549332c25af43c89d13a96e6a5ab55454df5c80f461f121d38795f8f05e,fork
4050675,4630ed1566da92d7d67346b9aa2f64332c6defe9be9f061de202bcadcd22d578,2026-09-06T19:32:10Z,2,15356,f8c17dd3859c5dd1f7a4a20c55fb561a4da52957436b0327801c9c22def47118,fork
4050676,d402c672485f8bbbb3833fc83b1bb3afc63d71ba852e456ad1e01b8c4ebbf24e,2026-09-06T19:33:10Z,1,1776,4c38d16a3cecfa083f8334f56fdcacfb7fc046a58921ad54370ecdacc5aee01f,fork
4050677,a8e0390451c115b11134a5db71d74ff83ebb03366e44cd89e937a47290262b0b,2026-09-06T19:34:10Z,1,1778,09234e7ea05123030201c77b14620fd4741d1847f14999e4c3a0d39ca3d7e815,fork
4050678,6611071e6a4b0bbd5ddaaf5e06ba8ee240b3f272069e29819ee7a161dba51b08,2026-09-06T19:35:10Z,2,11075,e9d09a6c9def1b8ecfb7b54e3197f110f7c21945692940027aa1b8a1e6e7e71d,fork
4050679,afaf19c0d5d424ce2d8bad26e1a08eb4a7c4858aa32a2619204f35b9138bb625,2026-09-06T19:36:10Z,3,19972,96e14eb854b077ab6e85a893081c893dbb791da25f437099da9c666402287e8e,fork
4050680,c3038c9f73efa3ba2f31fef07b9ef57c3982abeb67cf3c21994d5859bbc79917,2026-09-06T19:37:10Z,4,29337,a0349298d85d77aae2934cb3f556d376508c29394ea61f3ec31d926133085919,fork
4050681,a6908a72db6a3603a58fa8ac974f1172e17854b89dfe2f0b137cffd4dd9492dc,2026-09-06T19:38:10Z,4,19847,fe3fa6721ceccbe1d0450212f5fa122befdd4ee110973adbb209df2b712ad077,fork
4050682,c714ace6e8573c83c46b2937fff653e2a05c4e82cad812b4ad1c7f107e31d2b9,2026-09-06T19:39:10Z,1,1777,76f3295d45e61365f9ea89da2619d01913b59250e3fb6ca974543542dccfe69c,fork
4050683,ece50a1ed902fb85ceb282e31191ccbb78cf48173d42e55afda1fa0b472599b9,2026-09-06T19:40:10Z,1,1773,467e0c2ea52c3e29691358f543d9931de9b55d8495a018a32f0d828eb5e2a7e0,fork
4050684,2e849c8137f5757621381df3d5e47c55b1623c1521e44525a620c66ceeb27d2f,2026-09-06T19:41:10Z,4,16012,9412853c12c6afa706744809b4c15100eeadf683a1db43b750a02fa5d63dad95,fork
4050685,f10200a0dbeec2afea6da5b5e7a47f6472722bfd170c4a67a8e458f4a8077691,2026-09-06T19:42:10Z,2,11014,b12daaeca93fcb90a1905087f5d59d6fd97e6605a14462230f48603d7b30d9ff,fork
4050686,3dc51a86f04945059f85008219db5818562c980bc9577fad0bebc7cb0065ff05,2026-09-06T19:43:10Z,4,29723,3b0b391ca42606769082c5edbc9e837440220f16d74d0b7ed8eb5191457c777b,fork
4050687,ff4763b50f6e4faf57398060d208f8742887761281e7c52b385e16204f331795,2026-09-06T19:44:10Z,2,10767,15373c2794e13ff3790498c05bd80a837b2ffbefc1ff3ea33ecdb33fd87e8d8f,fork
4050688,59e6f57c969007b7ffe735f5dfe34244a21ef566e4672505843d2e500ce12912,2026-09-06T19:45:10Z,3,19709,e2c1177aaacf5f23197e7b2d57186cfd2fc0aea5a6ada492f0d0f68a51027a61,fork
4050689,36f58014ae194a9021293e586e71b1ff3119819e03ee15f0fec0ceb27e0b3c41,2026-09-06T19:46:10Z,2,6492,aed03e2943cb03be536f498b7c0b68b8fcf01910acbc8406bd6813b7ce2755e0,fork
4050690,9e57780c20b9b2dbeaca00da0681c5a23e27f3ddb02e507c5636ffd123d669db,2026-09-06T19:47:10Z,2,10780,0775ef4b32cb91561ef803c8202857d2452d91d07ecb7e6038e43a49e7b97e15,fork
4050691,a87e0e354b9d261a80f9a5fa8d4b6fdd0a854511e179df586d7f0675857d2e78,2026-09-06T19:48:10Z,1,1774,2a6414f12830c78d3fd0fafa652b34f4cbd4e9abc7e04581fab8eea4aae01165,fork
4050692,c4948775b2e359545d5f8198428e1b7a92a11e817d29bb0e3dc51ac98c701a5c,2026-09-06T19:49:10Z,2,6492,b25ababaf8d27b99c89a58a30b786fae4977e1e79cb1a9ca756963a4107d88d6,fork
4050693,c901b55563c9f810c5f092b521f6d0182a7fd8009868a5fa4894981d138997e1,2026-09-06T19:50:10Z,2,10836,83e5d6e8e1171e28a5fe7a11f65306cec6450ae4de305d15809e8df0dc790243,fork
4050694,45cbd8d8106bc1cd23a1f1a68b60fff1864c7935f05a58e880e342d7aed2c390,2026-09-06T19:51:10Z,2,6335,7ae6772a177b78d967e0fdab75392f7eef8bdf9db65fc5d5df4566472dd10fc3,fork
4050695,8ed6ff34b7d2856b77f2f1c2fbae8140e0355d8b67eb8553d476696f818864f0,2026-09-06T19:52:10Z,1,1776,ffc5ccd97ac8eb79b244c82f8ca7aa2b3ee92d023b09a9ae670058fd817d0e6a,fork
4050696,312b0180eda8d53a95ddb763563fe728731d79bd93724a8594c162b42c91a5c4,2026-09-06T19:53:10Z,2,10740,ad80dbd0bda6cda5968ae0486bed659055137d1153cb1b1261387f98954b3aa2,fork
4050697,48057ea2e63ed800d9c0914997280e5c1dc324902a4ebb7516ac03c5e3a66bad,2026-09-06T19:54:10Z,1,1775,f03795ffc4c479a26813bcb8bdfd9f7fdbea090e3b42581bbdcfb437b5a15245,fork
4050698,c86b15fa3619125f832c31cb004ea91009d1da80da75fa262beb5d9e1e0393c5,2026-09-06T19:55:10Z,1,1777,976522f641b82c005dc4459393d689de8ee54517e09e95510c7dbbeeaa6deb66,fork
4050699,2a0daa87ae67228219aab4c60bfd1677641458d53862df2ac33cf5fc4e0160c6,2026-09-06T19:56:10Z,5,38310,5d00b28917681be7cfa9258c3e047e109928248612108d7bdf9adfc4a08efb3d,fork
4050700,b745380cbc0879be799ccd2b1e953d753963964dffb3de1717485942ca5f8332,2026-09-06T19:57:10Z,2,6335,3c0b8014cd619a877f96166dbb3610242a9c50eed0c21398c94f59201f0d03fe,fork
4050701,c31e9365275ba8570a3128cbab7e0e92f2aa830de23ba8d75dee59f46f51dee8,2026-09-06T19:58:10Z,2,11256,e2d6c4399e554d62767091db86db178cc10773da88cec8ffd9f114dd89b73707,fork
4050702,7c2525220b59036b273bd8c11de18e7f7b168c0768b7ad8d586b3065500333d1,2026-09-06T19:59:10Z,2,6332,0bdb768b681eddabbf4a433a60e958ff81059ff04501f372d3f095ce6e617aeb,fork
4050703,01c77274812067d1b9006e1aa951309eff6c6cf2795e5cee1c04ff0ba223d564,2026-09-06T20:00:10Z,3,15310,00d04887013d9edd2b2a11b16433267b53c21e6f91f2f190228d95f4f30652d1,fork
4050704,5006cee4d12ea2d7f36272bb99950c051e61316632fad46be1003c09d3762d20,2026-09-06T20:01:10Z,1,1776,cb7c006fcfe6965caa51b00c822b26bef8eb407337a4e3580b8d143a5c2914e1,fork
4050705,abf53614a97340a653a8db6130a4d2991bdf347615f902781cc98c68412ac7a6,2026-09-06T20:02:10Z,5,34556,eed974b5de4214440cb11fb25e44523b2f5a6e7d9b2d777c5bbedf424c445710,fork
4050706,fbd926817c30e13c837f6c93a4a1f24f7dffa84b1c88238933f382c351010640,2026-09-06T20:03:10Z,4,24594,577ce4e9fe0d05597f1c42ed995a577049518335911f6987633f27bd5e923164,fork
4050707,23426a97681b6225fc6a1b52ed7a06c36ebd80366050438c04ae1a9bc4495e82,2026-09-06T20:04:10Z,1,1777,95e1de409c618374dfc384577f4ec9043bf9d467f029024cb94e0155f65fa042,fork
4050708,aa093b284d30c7f9b76a7b36699adfec936f28f8c301b935165f2fbd364c2651,2026-09-06T20:05:10Z,2,8084,15cf6dea7a77535b988783576ee7940bf5430bb0374185fa82790ab44ea9f6d0,fork
4050709,66684683edbd702eebfb8fb3892b4777400119cfde6d74504841969d10794339,2026-09-06T20:06:10Z,1,1778,806c0803082301e8988b58357401727a82486386ed57e4bc7ea4d826b8c0f79a,fork
4050710,2e5e8b8f90359b983f7eec1bf0cd7d06367dc9af7b8eaf4f237750ff8e8536e6,2026-09-06T20:07:10Z,3,20361,988cc2a6d4a0e8b790bb2935224b77418b6c91ad4940e09aeeeab1315c8057d8,fork
4050711,8e7705e4302fc0b928d72361b8a7dfe036343d108b5cf94897eb3e28720fb090,2026-09-06T20:08:10Z,2,6375,011cb75c6ea2067fe7864d3c0d07fe4dff506707f3b6a9c61ddc4b3d3479e1ca,fork
4050712,c0404671551349e0041cbcd760a98e7eaeaa380231f4b3d74b9e7bda898fe07c,2026-09-06T20:09:10Z,2,6400,616921ceda1930ca8f01e3bb91772b6a9733b164df7c8c6d2b645504dc3aa0ca,fork
4050713,36e4096cd2751342bc636f6a06e4b8da0b49a504e990024a2eeb33362308672b,2026-09-06T20:10:10Z,1,1774,8cda1ea82f6975d28b2313c5a79e45aab424b28d5326306d5e870f405b4732cc,fork
4050714,6b93d62dacc336ec31433dfcba3875564598906fc5cfb70ff4b5b3f9a1e6c2b6,2026-09-06T20:11:10Z,1,1775,6e0d7dcd1f3b2ead0754afe1f60e7605ac2dfb081e79640d1c0c319693fe79de,fork
4050715,de4d234e88bf48cdf629b5d449f2882b0f69b4d28e93d824c5b0f667ef903765,2026-09-06T20:12:10Z,1,1779,dbd2a4e40b802d5111df0e55e73bf720175b45a855af2c9d711a8818ad63dfd7,fork
4050716,7fa8f023c0f7b3ef23fd182e6861371998d4e60434a04db19cbfe51b961f6466,2026-09-06T20:13:10Z,1,1775,b809afab417d80e0f13678f2953ba5253c7ca7f23109a95ad23572f80bc2de02,fork
4050717,2068da36d8d1892a6e72475ed6fa22dc258af049b2faf9cab6cfcf8c800d8e81,2026-09-06T20:14:10Z,2,10769,2cebd5eeaa4cc0e85ca9bda618fe1d4aeae478c10cd2d94a6655a97fed2bd8da,fork
4050718,e7cdcb6d2cac716935463b81e66ce51a4eeddc522b74a6f1a6df499d572c96b5,2026-09-06T20:15:10Z,2,6741,17072598408da2c780999a393e72f736a070d34ded7fe30326be608a1dafd970,fork
4050719,ac0e142c18eefd41283cb054670bfba1162ac7ff5088ebcf6927d411e0241f79,2026-09-06T20:16:10Z,2,15407,6aba667a6f290e4b1aff19c2e7bc7bf4964f4a9d4008f890d33a3145514b644c,fork
4050720,d56b3f349ffc4003f0def1994bb6908cb50bf69b9352c5c8b4596e92ff13e710,2026-09-06T20:17:10Z,5,38073,48880b652f5ab89410f577423109095cdc7dd2d99fab74defc2513736cecc87c,fork
4050721,b952fe81c233ef54f907d704ff14ef4db554c19c6a09c59a46895b52f51c79f8,2026-09-06T20:18:10Z,3,10970,7b1292015321b075a0c8721c3a030a8a7af6a743108fe63187bf837d4a89ca6c,fork
4050722,2aea7b4e180b0510c8cec57974c8e7d36292ae91cb7ba78634fa334ab6d30ad3,2026-09-06T20:19:10Z,2,10779,ffc7103735ff9c58e7842f1a041c639f62080ca3dfbca5b7512ddab32132b345,fork
4050723,7e7f819bdd854635cb599e17ab2913c29932efecb4f1fb9075fa5071ff27a8ff,2026-09-06T20:20:10Z,3,15812,7989739c87a1b5fe32518a5bfdb49c1030ffaf783b715b87e17fa3f0ce2eb783,fork
4050724,a832034bb0a9b44eaa60eea51f0df6996b303e546cbd862ffcaa9dc198a99388,2026-09-06T20:21:10Z,1,1774,ef7345bceed07961e0c6ed7e53e9576bc03c29a250841545ce97688044343044,fork
4050725,bd0b78853c032801d8d9ecf5210bd060707b3dcf00b087776ec618bba77e1e07,2026-09-06T20:22:10Z,3,19686,ccba4a8e3981ef98bbe379007fdc1533ca2a4512f3adfef6ad61a436cef1215e,fork
4050726,373656d8bf69d00504bb5bb8ae773c5a612159d91435c22d49663db461299a8f,2026-09-06T20:23:10Z,2,7331,e6fff47deaa45a93c51f8f116fd22dcc27d4d1d2bf848d20cb028a803ff07d4d,fork
4050727,879a06a1002f6eb8ccc5e2da6722f00163f3fa2af1827bde063a8ade6cde806b,2026-09-06T20:24:10Z,1,1778,8db89afcf03cbf541a1d4e32710e98d624a26737e18743a23512ea67049fa04c,fork
4050728,44ad66e0ef78186375bb516d344cc2553c9ec59e55baa244f874ca0d5deb8dd5,2026-09-06T20:25:10Z,2,13515,4c28506407a4670e7707dc4f06dc79fbe6933cc6950d373dbd9ed196739d8d94,fork
4050729,18f3a1e54c22095d8c9595976f8ba57551165f63e9a21ce39cb644142f43c820,2026-09-06T20:26:10Z,1,1776,b0dbf3bea6f9d38a70abb98c089e17be693211076234e73ddbebadb565722136,fork
4050730,89efe0021221bef991ed13643a00d31f0bfaf78d9177c86895c2f24449bf8cde,2026-09-06T20:27:10Z,2,10743,6770bc6637a328abd78519610769199a942b9693f90e33b060f4175c46e1a2e1,fork
4050731,524d07c2cdde240fc6c8b279c7db3d248d2bd09d76332f5f3e300b90b4eb1f0a,2026-09-06T20:28:10Z,1,1778,9b6f74ab24ab6c1f0bd56618499c2f6662fd2a2a32d0f45f4104b8892b46b05b,fork
4050732,3d06603bdb35d2f5f0225108cc6564afb0ebf3984fdf2b3dd6d5a95194d88ecb,2026-09-06T20:29:10Z,2,11604,e5005518ef4c91769c227e5d0a1f013cb42f6b03252314c71370c21be0654012,fork
4050733,eb03db7ac0d92d614b314ca815d15dd9a05259a75fe52aba72d44dc41bb05b82,2026-09-06T20:30:10Z,3,10953,d2fff346af9af9d90c7e5a6af7a688ab112ec711ce89ee495751b707abc49950,fork
4050734,29baad2bb57f9e06326e9d2dbf1ccd54c9d4f51075ac7c0c21faedd4f433dfc5,2026-09-06T20:31:10Z,2,15366,b1c94878a4f003d2efc40b5cdaf6222a1db95065f6a923ae12edc4b3096f33bd,fork
4050735,b5cda7413a711bc7b482d41a5adacb2da678e3879da24b4430ed1dd1b3c1645b,2026-09-06T20:32:10Z,1,1776,154a5895e6f503edd4694ff68a8f5e5f03004b6e28e967df8f87301949fe2fa4,fork
4050736,6531d924f5556ef4a8295f7883979ab26821a5ce9505876d4feb6ce0eeab17a5,2026-09-06T20:33:10Z,4,30325,b03f4da26905192dc2fed006bf51e6bb170a339427568cea5420008f95d23115,fork
4050737,4a8f01db29c1b01574f3bc13fbafe55461a63765ae98745664b89437423e4795,2026-09-06T20:34:10Z,3,15257,2d0ea4dba28a265422a396914380cb728e59a1fe5713b46ef934ec3c25405590,fork
4050738,29940dbf4374caa62bb76a4d78a98608e05cbe20890b1b58799dc30db95f47bc,2026-09-06T20:35:10Z,2,6867,a3dc78c6948abb0ecd510f9855f62cca1836ff4b5866aadc676f8c19ff569155,fork
4050739,e8177638e04f5dccb3feced0e0ebbd6aa70715c4af440495a90dff5ea14d0a15,2026-09-06T20:36:10Z,1,1777,e2de5dcb3a765bf84c0d3affab5d240f26c4ce3eda635c00f3d400c6987b0ba0,fork
4050740,e132ee26d3dc1938c5678c0660eac9f5c4c700e3a50cb26249deda61a488d1e2,2026-09-06T20:37:10Z,3,12137,a8a34ec513393665129695b9eb81c4483dacf439638b3b5079b13d559c96a190,fork
4050741,c34231b88346a76c32f9474005caca9060f57a413a9792e0a9256d22dc605ba2,2026-09-06T20:38:10Z,5,24435,884cfb1864fbf2f2e9f408477ff559b219080380d26f581af80bac6d530f8b84,fork
4050742,4c7da71fa0e666fa81d1427c70454ed250a7904fabd889e7f5a17d45e1fa775c,2026-09-06T20:39:10Z,1,1776,b161d5934b880d1e5ade69d7022b3854b913e451577fb428d059dd10348471b0,fork
4050743,cf6d4eee0183da8a79fc9228dd0f874126003054b6607eeb0a86edc7a731e250,2026-09-06T20:40:10Z,3,24299,2dbc14e114e41c29e7570645fccb3481cb8a7c19903719c22cca6264646ce590,fork
4050744,50079f6abfd05dbefd99e9bcb36af6b275525c168314fe91867e58cf1feceba9,2026-09-06T20:41:10Z,2,15356,dc5a029fb3cf122e45fa4c72b62b233bacba950d34771c9b0afc8ced2e57cb67,fork
4050745,e740d12014ac6c9b60e56d90bd315b44c59491cb23bc8be38c0e17a5a6ebad4d,2026-09-06T20:42:10Z,2,15602,a397c28ad2fa24bfd1c9ee4c4a695e6eaf980466e1d663c6787d11efaee8ba4d,fork
4050746,2510ba25fd7e0a279442af15dbef5bd4c094b834daea2c05a25f0a538d4bede8,2026-09-06T20:43:10Z,3,20196,b46d2bfaeeae0592c2d41475e53eaf57d671cfc6c7b7c1dc88617862767e68d1,fork
4050747,dbeb9fc3d03a6bc61ca5fb222eaf26a846e3c19801a5b0302723e4b9e230e5a8,2026-09-06T20:44:10Z,2,11002,db54a025a3610d53b3d3e56456ff5ec8c056312fdff3730efe2a8583dc90b6fa,fork
4050748,13a2030f651686304cc76a7a3a489c08a4b31a4a562f5eaa39594ce3acb5abb8,2026-09-06T20:45:10Z,3,11199,9bb20559ae68b367c1d7189b46b48dec427caa41098bfcd5c7c7ecd774e7b55f,fork
4050749,334146f435e13ff96db7036fde838cc042a24104dec5f1d3750a4292679091dc,2026-09-06T20:46:10Z,1,1775,3f7113960388807b4b6dcfb7fdc4ae0aea9fcefd50ee72727ec53a8b6e04fa93,fork
4050750,d5002a07ca29fcebb22bd117eec956d59222ff043a2a04856899c51e514b54a8,2026-09-06T20:47:10Z,1,1775,bf4da453d769fdcc66bdc817327a31502f9691bdd1deb69311022a9af0c9deda,fork
4050751,317e81e44af54a1fc8e79d8db9cb2c6f680eba912dcc8f5059aaeaf266b11138,2026-09-06T20:48:10Z,1,1776,aca4d6ec19acc331c19ad48ab297c04f658bb6a9ebaf79a450b8e23eae68d65a,fork
4050752,6ec1c9ef8c34a3fcd959c4c929a344b426c97f30339cfc4d5b0964169f84bbee,2026-09-06T20:49:10Z,1,1778,f87f09ed1c35e8fd3346acc03f18611f183e1cb5a0e48d2e00beaf03d883cdcf,fork
4050753,d3ff828152140b95d45d91e01f722e2f45362e204ef5b10303beccad2f2013e8,2026-09-06T20:50:10Z,3,19790,1278d1420fd03a229d475c099f0a302209c30c3c5ae9bec06d72130a62a41836,fork
4050754,e0f85a2644cdbd7cae139495c2b9abc5e7b21a638e916aeb13a1db97ee71be9f,2026-09-06T20:51:10Z,1,1775,7ff4704681d8636f45486e06962f66cbf187d2be9172d30efdb40fdc0ae6cee4,fork
4050755,ef2e1516cb0e6a4767a680871015788e65b7031506f32f812aff06a45c7ab613,2026-09-06T20:52:10Z,1,1777,63c1a090b3399989384c27e46c2f3cf0dd9ff3e287839f82855d962cac0ba223,fork
4050756,20ed99f5297ef861e161b4ff7bb08366fb673f32ffdf01f2501f6bd6bccccf25,2026-09-06T20:53:10Z,2,16055,25399a76a832d8c12e140592e036ecfb2d6646b3981fd6789bf3bdb7ef2b27f0,fork
4050757,cfaa3fee30b611c12b9a5a5d27b126d5ae4974969b3ce9883de93e9c29232f3d,2026-09-06T20:54:10Z,2,6965,a27911b24e8b08b499dee67c7b8317283d9f18fc61f3f42f2e7275bc3ea41a01,fork
4050758,c62abdbcc12e418ccab8701f8b38c5847220f9f0638be1a0c0d2c6ebda07242c,2026-09-06T20:55:10Z,3,15338,74c8a5fec6fbdbd4d042fb56cee490b9567fdcf0ffa4e3051638b9d6391e15e2,fork
4050759,01b01aeb29d0c155cf51aa81d4f838c796b3db60b97ca9fc89df5b06bce85771,2026-09-06T20:56:10Z,3,17792,01ce1fb32c086884d6b68150cf23bb0113685e546545ac4cbd386539a5217dd3,fork
4050760,f0b025ab6983628e372cc2a8c9c3bead70da1ee775ccfc6a6bbfb8b0c5e78ed7,2026-09-06T20:57:10Z,1,1771,28dd83164ee911e88f0e65304c31e167b9d1314fd09ac28a5d547c5acacb8159,fork
4050761,04a64a34c491610cffa05a2adac8ae908e44183c7a2d59d0efd97980de3a3217,2026-09-06T20:58:10Z,1,1775,d4f7ccd4cce0be8de6511d52cc2f067efabbf5bd7860a95e434bda9d71238ab2,fork
4050762,ced25ca75b47815a0ad3d313add29f0faa4d706b60ba160abf2c6fb73409f103,2026-09-06T20:59:10Z,6,76789,ec9d224f428d1a0b38a2a77f682d7e71cda82c75ebc27c6736a9d609af6ef804,fork
4050763,7d4087f66ac49b0e7cd3c6731f0220da52692598730762684bc1047e9017f3af,2026-09-06T21:00:10Z,2,6606,774069d369cca351dda36467fa7886e6b938dddc4176cf9687123db78d318649,fork
4050764,da37e8f7b308da53ddbcd89424a5c8950d6fae67b5df2d7463741369963a7310,2026-09-06T21:01:10Z,1,1775,2df3f56b4aa8b58dd74d195b43ebcc6f1cc4112375b532371531b3d52ecb9373,fork
4050765,086654b22b970b401cdb06c9bd03118ff70d89b6517ffa985018f46ae9e5392d,2026-09-06T21:02:10Z,3,20101,37996bde65681f40792a20716ae42c721e9659118e92e9bf7f62d0272d702dea,fork
4050766,3e023b75abffd21771e8c2129648016c95a2ff44bc60d17d465e9617f5296d76,2026-09-06T21:03:10Z,5,51435,27be4607c7e84a51e952bc89c9d34ecc6c11434e50ba6ca4627e97506dddcbd3,fork
4050767,eb8d06729c3de886dcd2747cf8ff263083caec67963b6d71e3f9f642b9a85d43,2026-09-06T21:04:10Z,2,15527,a017cba51b56767536d8c63d51a70c1a3794287a4e5351a6abbad0a81b07c21c,fork
4050768,ea81f583781337a7a059f568e90e080753e576eb32cb4c2d7a6901fdfe02f26a,2026-09-06T21:05:10Z,1,1832,37548fb608c4477b851db0a1ea5ffb5dc820a289ba772ee0b55fb160d53909da,fork
4050769,fa2a0e5ecf644fe346c63ac35f7259ed99a38d57ec07a31c73e18b58bf99cbb9,2026-09-06T21:06:10Z,1,1775,90d433730c1f57539b864e2c992b5d3e1f3294ece76de8b94d39c0ca665629d6,fork
4050770,94424723748e04f9ae73e18b3967ecc29ad6293a715722843f58aa8d36804a61,2026-09-06T21:07:10Z,2,6812,1b41d9102a6be0cd42551db40e161db57b7d799e00f931d6bf63f0624079764c,fork
4050771,921ffda1c31088143429e2e4896b0f8b335e4acdb8a3fe343198c59e7d7d064f,2026-09-06T21:08:10Z,3,19731,6f084f21781bcad271f9dd80e2440b1e6edd8ce07fcd84eca9ca99ed2377aa85,fork
4050772,9972e6df481ec080aa53a5937203785b095508e67f03c4369f765d38d415dc35,2026-09-06T21:09:10Z,4,29144,032c8b6521890bd7d752506db4e8be42021271c5592386a41d0f5b3248f217be,fork
4050773,3965026b3b1f2b1647f83c8a3484d5c99f9bc856d74df0b6f6a45cde4283a3bb,2026-09-06T21:10:10Z,1,1775,8b1007dd7442ec082e8269abae39b74a4f0f21f07db88a0119e8e6dddcf9137d,fork
4050774,75bfae4911227d0b85cc0473fa62882ca15024ce5c052bc2cd5055b41699216c,2026-09-06T21:11:10Z,2,15352,3d13adf1ae6f28a4fefb5b5d96651e5d256e5acb057517bee26bd94f2d59b95a,fork
4050775,599f3bfbded8ade09b06342eb839c1ec521093c3daee5a029e0c96e7a011481d,2026-09-06T21:12:10Z,2,6603,696953a5a625595bfdd50e283fdce826161362e716da514edbbaed55e877c162,fork
4050776,7670a0bb5cbf559eaabad2131bbe1eb9fc8b07801a3abd04f9c959a22adc3524,2026-09-06T21:13:10Z,1,1774,8ef419e8919ccac8c7f7642913fb9c3c8ea02c1499b35167c154a1e5c8ed7f78,fork
4050777,9ba26880730f49a98613add66adf3a8ffc5b5c7b21760371f445f0c1ae80586d,2026-09-06T21:14:10Z,1,1773,d60d6224ee1e0a210a07577e9e1e0f479d8d8f3996016d803108ff3c8e68d482,fork
4050778,8eaba3c703a38cffc7089c77986386dc93094fb1c4c667a3402f81a7aef8fdbf,2026-09-06T21:15:10Z,1,1775,f14f05d55e103ef2b063baa35d423f51807ec92366c5d92bb258a078c9c5b0ed,fork
4050779,8f039a95de42147103a9008ece669d74fdb62478f6edf7d931c32f50dac515e4,2026-09-06T21:16:10Z,4,28663,57958a028f9fe9733226b19dedec70a7018fc388c572b82a26a43d33382dd427,fork
4050780,e4ef0a963a23c3c42319a968dcd048d01d6ab795d4b4804b07c7a8953f58fe85,2026-09-06T21:17:10Z,3,16025,e0f605a2a471d53ab7fbcd5d550819ce517ab82c8a32a9ced3a7999c1a01dfd4,fork
4050781,55c0de0fe4c2eae18703af4691f0fe9ecff7bcd9f6ad2c6f14373098a3cc2f8c,2026-09-06T21:18:10Z,1,1775,a0fbfb74fa45738fd42569e8f334c1d851ba4424d9ce19d54ab9691c01b8030f,fork
4050782,2a315e702b68ae4ee08371894a49e186b374a1892a3233145d21082b6ae4be46,2026-09-06T21:19:10Z,1,1775,208b9a6efcde6c19c29d911c13178f12ef361c8cbb1013ffadcc402d4907316a,fork
4050783,b41e35597281be446da72c7e9b2fd8b78b4aecacc74aa36e60ab9d28e080a7d2,2026-09-06T21:20:10Z,2,15811,942ef2379dcf56b472809efabb9487ef2d9d8452ecd8c3b776f1c9289d93c8fe,fork
4050784,fbd65f64c0c6dbc41ebea770e4bbdebeea28a56b2639d54d0418dff18d3b2b5a,2026-09-06T21:21:10Z,1,1778,aa2517f90ac53cc264fb03cbf73d6d9df9f49d3bfa14fa7a04a5fc4e41706869,fork
4050785,84615b91685816662cbe6c9cc29b3c62a1b9d12f913e5464920ad4c465b37ba2,2026-09-06T21:22:10Z,1,1774,7f0b7ff81636415d85d8f73ca8bcfd55368aaa86933e8b74d2b75ae665d291c1,fork
4050786,06de5039037082c533b02594104ea59a1ea352fd0b56604450c1a0dc2a807dd8,2026-09-06T21:23:10Z,2,15754,f3b55d1bf4625b1cf8b2801484f23bb062419a53ec3f2c891d0b66c2aa58a79a,fork
4050787,99e68979ec9d191f53c748e1566bbf4df444ec649840425863d1c95a933ec244,2026-09-06T21:24:10Z,1,1774,ed0c6d3de5ded874432c4b236d1817c12cfad62b8f14bb9f5b1bc25fc2ed2ae5,fork
4050788,278be7aafdbe6e021625c97a665ddeb2ec54ee38c014a2e980c8168252d9dba3,2026-09-06T21:25:10Z,1,1774,4ec4c13aaad69a7e48a40662baa09887e2d401fd08cdefa3b5d70e096b32f0d3,fork
4050789,3a546dc65bfaae9cbb1f3d23f1ddf4b6561ebe0f5b8e4c9dcf17a68c3d1b8b0c,2026-09-06T21:26:10Z,1,1777,7eaab1864c74b2fbbadaf3ea2c5afdb4c1db54b85a5968f9ffda17d994da12e6,fork
4050790,939dc1216bc42dcb4f74249b60d046c91d700954c2ce8197462632e11a2077b5,2026-09-06T21:27:10Z,1,1777,3fcb17ab22428fbb916bf59588f872c3170f863ed8c14db1df3933c9240cdf61,fork
4050791,1f3ddde4c35606ff6aa95bffca1bede8b0166a2aec488f55dde2d32d80b89793,2026-09-06T21:28:10Z,1,1776,962203ac3b13574082dbdf3b181fb0052c859d09664e8604d532204fb6dd35bc,fork
4050792,8fab1a5781a7eca3bb461745b54c59e117a0b0450f1818de8d1c094634594ea4,2026-09-06T21:29:10Z,1,1778,4508d8730f7b206073c9ee7a9fd85ffc7e9316e6077e3616279ceb4c0efae07f,fork
4050793,286f911223d59bd2ed384c8da63d304921454450e6da0c6687c3f821943cb4c7,2026-09-06T21:30:10Z,2,6741,c82f890f0706774adeffa6eed60ab2e9b179126f165abed90bfb0154b9680da4,fork
4050794,b3a9cf2d04c25893412b6ad8eed6c9bc8a876d909abb0ae9376a5a37a08370b9,2026-09-06T21:31:10Z,1,1777,9adc859e8ebb6401a8da8bb6f68aeb8c2c98782fcfc9a3d4f8f23ccddab16013,fork
4050795,f2ebb8039b7ee41c8ef61dd08d595dd9c0cbd9181f5ef29a0f4ea4ca7e916a94,2026-09-06T21:32:10Z,2,10743,3a39c7e5599b424ffb55e7103aa59c0465ae17b294352ace049ba4f515a53036,fork
4050796,67cd784841cfbe4d477fad6c84892e915e6fc67d7176cc3af32431b68904c863,2026-09-06T21:33:10Z,1,1775,4055509ccb694dbf6bdb92923d6e4bfd1cff2babee0754ac41b8c8d30ef1b501,fork
4050797,f68d778b5c430afd21ee0d583b317338881b17821ea6c3e7b98d3afa1f353c39,2026-09-06T21:34:10Z,2,6557,9648450e20bfa5ba1b017b1198d7861a7ac6f28f1f4fb964b05001c7572ac65f,fork
4050798,31b75467360dc0604d32d4ae406ff63ea018caa8c6651e6f09b2e99a4d5d360d,2026-09-06T21:35:10Z,1,1834,f0f4d82816e29fba72ff68bda34d900bea51a904685ceec0c1af110a6e269b6a,fork
4050799,0ae2558858c3ee7c31477b00c92bca6166add2d81ae43a3b203703f3151eb6b4,2026-09-06T21:36:10Z,1,1777,8d256d75df76d36fffd4d75bf3774609e86054e67a20b213224f5912a4f804a6,fork
4050800,6853bd6ecac8689c5e10bade7427de2666cbc6a88f6efec64152a00c2fbdcf1e,2026-09-06T21:37:10Z,1,1778,89678592d052120f0ef755d497b88d9e79ee83ef89a88a7db8e096d245836ddd,fork
4050801,2c65a8ce5f297a55bf99201768ba2b78cbe259bde9a9ee0ff3c66b4ee74c8dd4,2026-09-06T21:38:10Z,2,6375,6118bfb06cbfe1aeb00d66947ba23811414f63a9985a365d47e13ec46175405e,fork
4050802,be3a91f885af2522e359e93c5b6f279bf810ec4204eabd9afad31e84e0f67f8e,2026-09-06T21:39:10Z,2,9597,8f174b197deeff501a96be4d324b7b5e6d8723a373d6b0c799be4f32ecf42d3d,fork
4050803,efa0281337fe3fd8d46f3216f7df6a5aa0b3f3fedc7ef63fec5bc1c0373fe76c,2026-09-06T21:40:10Z,1,1775,5e88e4c7f464ab161db91a33d4ba2e37c022e38353be9e232af4d34e2beed306,fork
4050804,1d4d51ef6f78f4ae11ea11a0ea8475e9d28e07e9f3918530d519719e5ab82473,2026-09-06T21:41:10Z,2,6812,cc5c3dc89ea025378e7c40d254ea3eb5e3e334c27953b355418219025bc77c9e,fork
4050805,822ee8b289972ff7362b0638435e08c83eb534ee84fac5b352bb43e013053172,2026-09-06T21:42:10Z,1,1777,d30499c56dbd0f3199cb096491d6ad984de6f95203c54c38c643c39803b93513,fork
4050806,5a8f61796773c8962ba6e6dbcb0528d43aa7ccb303fa90454aaf80ee53b47d87,2026-09-06T21:43:10Z,1,1775,c06c1f4b2760ad653657d0bf76c5a72d3bb27efde40c8dfccf9d416195a79f88,fork
4050807,5d6d08ff116cca0f013c586ae7c0f377dc69b7f6f1ae25b512466bdfd47be3c1,2026-09-06T21:44:10Z,1,1777,650daef860b3070fad653d36d8192cbfc348fe4631c8d09c84843b1d5f837b20,fork
4050808,7aa990309763ae3454c974928fd24a2301da5cb1bbd454f0e015000ad4aa0f6c,2026-09-06T21:45:10Z,5,84676,a819739e1d2d799472302544bc6224546dc58136daec1e59713232c90b021082,fork
4050809,469f095a45cc8a8c686e83025ccb4010a1c725ccc8d5daa83758882b828390d8,2026-09-06T21:46:10Z,2,35430,b944f89df9f55942388da9c1f72ba5368b52ac49679574591d0317d6301e4b9e,fork
4050810,17353910dc42d71da2441f42a8bdfe46bf6ee38b0bcaff749bef26e58e56ab35,2026-09-06T21:47:10Z,1,1776,5ac5f52536809ca611e214239dd55a576664ee8d0cf4eb2d7c22ed7701c63071,fork
4050811,0878a12b2f031d1fb2d794cd93b6675581c6fe268083438df3710af4f05e8138,2026-09-06T21:48:10Z,4,20564,c66bcacb508376702153d3d87acac472b8326e722de4655f211109029b1545b4,fork
4050812,5fdc404682e6681734bb17797706af9fa1bf53d90d759cb146d40c85a845b0b5,2026-09-06T21:49:10Z,3,19706,ca60da3e56ca5380a6a3f3e9a448bccb61cdedb49317a8c8eec85c73c3f3d203,fork
4050813,7b14440f92545933acd54e34e07b57697a7451db85e51c54b392da9c8e986444,2026-09-06T21:50:10Z,1,1831,87792b3dccc2e819df6d38f3ec57d6caa287fa8865ed5d74656ef7b3ec08ffad,fork
4050814,b6fc703818a3175e6ae77442074ea30cefbae10dda5bbdc1ab24ae6e30c6cfbf,2026-09-06T21:51:10Z,1,1775,6046ab574b69acd1214b1f8080aa28acb2eadc67fbf740c581c4ec9149e8b76f,fork
4050815,dae9a218426144e8406546c8984dcb8852c189b3b563cd5a5193667995d9c339,2026-09-06T21:52:10Z,1,1774,ba1c6fee96a25a43d3032d4a999526dad1ff79a120aceab335d35a9abf2d4fdd,fork
4050816,114edb58b47cbab1db5fe515a7dfb599ca3e4c213d0e8cd1f3dc598a45001267,2026-09-06T21:53:10Z,4,42176,960f2ca8190d1be7b1206323d760167072265612694181535944fa165cef453a,fork
4050817,2efe3c4d4f7ae156a53874cc6859e75bfd2c0d65b1af4ad87f8203cd59e8f6fa,2026-09-06T21:54:10Z,1,1779,4460ea45e326b8e9e70ad9ccc7621f41f594f1df36ef6a1746b0b179bac3bd33,fork
4050818,6319925326a3a6d3e22c5221fce25ad11e4833cc18eb4185ca7d50ecdab94d51,2026-09-06T21:55:10Z,3,25786,8b7364ba001e3939586db74b70d1c6c237c6b483de66dea1f5f5d6a57b545442,fork
4050819,c8614511e25de02e37815376df8e8b7cdd28c383159c6e1aa3c43bbd204f5564,2026-09-06T21:56:10Z,3,24561,fa14bbfe7c89fca6553f99788fb68ec88311a7ce60d523415592a08658a7e707,fork
4050820,adf9c9f71431828a49b76231ca49d423f85b5b51c6b21d084d1540cd17ae1c48,2026-09-06T21:57:10Z,1,1776,635938e9d41882574e357f9fb03a518a6ed8635e326e9c6c2e296c7e0a534228,fork
4050821,319d8d1c6540e9edd20176da45ce926ba7c8a98d52c440d7a07ad5d5e8ff0be6,2026-09-06T21:58:10Z,2,10768,a1da38b4360e8edba87decf8d0089e1e7cef67e860ddbdc4c2eed77c87f0730d,fork
4050822,78b7ee6398b4e9b57e8d45488c43885ff6cbe4e255ba37e4340e1af05282333b,2026-09-06T21:59:10Z,2,15405,506c617ac25310e01f4ca4ae8b0c63d0756535b658276b10bb0a4c5793960dea,fork
4050823,c85217da008d5c10ae4cd118b6b334a96b032fa924538426029ea74d100c9ad5,2026-09-06T22:00:10Z,3,19955,e2030d9c87a750a42d191f471003e42c01bae50e8bf4c8edca25c90b112ee0dd,fork
4050824,de5d1d47a5c14c4794c4eefdd6019e3f7f1b301ef84dd4dac17380146587034a,2026-09-06T22:01:10Z,2,15404,4f6b439e50f59100fb7d0918455aaad07cbb9fe2f5eb47471ff7b991f58c5ea9,fork
4050825,218c0e4c984deab0c5d8b08d0448d95f657ce225a1c7748d278c02d72174c3f4,2026-09-06T22:02:10Z,2,15355,ed37e61f2f5f72ae806fab3b318f70e25befb9939cedd9b85539d21f9d37cf30,fork
4050826,03b7b76e9207dc94fb65024ee90a6f2578b873d3188fc6f5a8050807e67a2468,2026-09-06T22:03:10Z,3,24763,2a3399c88b27046d188e53caa7a857f4ca30d4650b369b1627e8c7702309b8b8,fork
4050827,0621919dd00040c243bf332522b82214a66fc245009d56283902e548a9ccf96e,2026-09-06T22:04:10Z,1,1773,394b8a2259be6400fde46bb9c125ea043e9b058e0c547478c00d81bed8b2e790,fork
4050828,869ba59ff1e6eaf35d681b450e5f34340363f20a14e472dd6f35efb0cb21d70e,2026-09-06T22:05:10Z,1,1836,f115022758a8e67f4b3b7b333d024eecadb324606926ab667ae153c82c05988c,fork
4050829,628889f98bc6d5f435a7c06e8f0c73c08eda6ffb5228aef063961b57a3b3bbd0,2026-09-06T22:06:10Z,1,1777,78ac133399d5dae4798d6038c966c90ac5f29c43d4699b1209b6afde28d5679a,fork
4050830,6a68291f599da0676880c7e74f5a9ab4b8891049678a95b3cb06910d744e77e1,2026-09-06T22:07:10Z,1,1775,c676eca0d7cda8d8613d94dbc15e6d854f834df6a6302b3c3df52c8a9c3eed65,fork
4050831,941d5cf544254b51ab6cf69184d848fa46b19912d65e44fe41f6cdb1d13cfdb0,2026-09-06T22:08:10Z,2,10956,a05eaec85ff85e2cc57ae85aa590afdd1aec93c35828e76ffd7cc5b0eada6314,fork
4050832,903fbba0de60b0fefa2371309e6f69619c6e86b502439e7df58ca2038bd26556,2026-09-06T22:09:10Z,1,1775,d86c5f2531cecaaca9876aef82cd825209b3f063643e884841d49ba59be1d968,fork
4050833,2fd07b2c6199b1752ede6f128e15fa8be95b590edfb9d3a0ff49ce421b392c9c,2026-09-06T22:10:10Z,1,1775,f9269035747f77fa0bab08631abd7b09d7b2dc843263a08a07e733c41f03238f,fork
4050834,54dc809fb21a17cd0d82ee7a4dc1696b7b220359eae497fe43d1fe91cfa92c94,2026-09-06T22:11:10Z,1,1771,664e6449df5404fb7eae3ec52558b4180f1d914587546125dae9d6f51dc3111c,fork
4050835,11192c6a6ecd7433caccf19969874844fc325024c192f52e966fb2e00ed3c234,2026-09-06T22:12:10Z,1,1776,2393c8ede98e2030c33e04cf6b6be737004dda65b66bf6049797ef1dfdaf9173,fork
4050836,06ef1ee82df1342616f4a966b32ad6d41ef232f27ca2d84e16b1e3a27c58d542,2026-09-06T22:13:10Z,1,1775,310f6d6af1440245d265520c8726b702df2c40fc63d073fb2937132ff84c997f,fork
4050837,84669bde05fb2fb5f455f37390ee50c821797d3925afec274f638bceab731e5a,2026-09-06T22:14:10Z,1,1775,b497c1083b7f43867132ef1e0ae0710c8a077d05110ed52bf14d3ed3629871f9,fork
4050838,447ec59f99e8794fea3db4449d6243fcef0959fc1a10538d3d3c3b9e04b30e18,2026-09-06T22:15:10Z,1,1773,ade64c2b0e044ca49a329250fb86245327fd4bc231aac618512757974af6950a,fork
4050839,6d007a76fe69d94be68c385f8774b2878ee7ede93fbb2c76c5ed10c6e697c14d,2026-09-06T22:16:10Z,1,1774,8a5ef329c59742b3c5dac7eaa6d4a108c26a681266b11d62ed614e11673bb87e,fork
4050840,36220397ea273f42fdefacf9298394dae280a7b4f0cf63d5ab738ed734d00a91,2026-09-06T22:17:10Z,2,10752,34be46b2b7690bc3e007b03f2388b7c31dd376aaea24e6994e6576cb77735dc3,fork
4050841,08a1d5558bca47e465fd484818f0370779d07d892a96c7797b16fcb738597aaf,2026-09-06T22:18:10Z,1,1777,66f2d45fe32779a95df986f57ae877ee26c602ce3d77ff3a916a0e1150daf856,fork
4050842,bf7f98f7f360dc0d3130a89742364ce0a550002de27560178de09c15fff9490c,2026-09-06T22:19:10Z,3,15829,ef5025ef294e920e836d32e6a79287ca6e6f0c82c3954ff1f2ac3941caf84ec9,fork
4050843,6a8edc19c61c5e765e4fd436759e3940eda02091647d79732ceb665239ea0356,2026-09-06T22:20:10Z,1,1833,1b3e8ea77ca80aebc93ee82d3db53da33db0699c857f0ba66e25f53a630418eb,fork
4050844,41bcd17bcb4cc1ebec02a60091ae1cb7a939ffa343a7cedddfcaf77dc003c61b,2026-09-06T22:21:10Z,1,1774,a06d611143fef4906280e5eaacbaddfd39236e424b769d1833df4fb26af30d2c,fork
4050845,5e7e5aea39bda9f7391b9a3fca59d8e7fd514a44047a15d23dc9439021bea883,2026-09-06T22:22:10Z,1,1776,3f5d0e512fb284984079246b299a416be3133bfbf8e364afa575c0c31b1f2c36,fork
4050846,8d3e6aff566982cb2b284d0bc3e1847d76ad40ee74a5aace896e9d7a1c1e7375,2026-09-06T22:23:10Z,1,1778,57f9da01bed0f6f16c8aad9eea5ca9bc896c0d0df3955b608bb5259ca364a236,fork
4050847,4ef0d0687a49e8209e22317c4d53be63674348a31171ca6f2cc816ec51f2f03a,2026-09-06T22:24:10Z,1,1775,cef1c97165b5a2f47c2b216a8e236f58d1816ee4dc6da64d64228f5a8e1b15cc,fork
4050848,27cb33af6ffba11ce8018a30cc0456390346ec2c4e0054b4c1eef3d7ecd3985d,2026-09-06T22:25:10Z,1,1775,3ac994c5cdf63f9d690388e75f28449f5bb1515a8258bd8a258fb0f13e07c16f,fork
4050849,50abc69c2767a4f45c6333324ece80c159f27668f2b20a1523dee67f8224374b,2026-09-06T22:26:10Z,1,1775,01aa4a7ec8220c09f3557edee80143f7b4227a8304834a0ba423808009fd8a7f,fork
4050850,ed8033b5f4810d9e830056653e4d23b60b789c696b0d9365d9b426c2654ff8e2,2026-09-06T22:27:10Z,1,1776,aae981e6678a6ddf1387380dcdb1a295579ac2f07d49d29fdcafc5fce29c9c0e,fork
4050851,d4057e776e0092d9e430f52fda349cedaab1e3157ddf0f49e124456499f585a5,2026-09-06T22:28:10Z,1,1773,934cd9ed4992cf9255a1049ad3807d3f1f2696d5bf55c0b11173b5e8013774ca,fork
4050852,d07462583f6c99fc55df668bd137f9572ee600bdf826ae499d910017efbb9227,2026-09-06T22:29:10Z,1,1778,b90d54feeede5f77da96ca1d760422294a3c2a25ef4a4e526e73da1353ad3dd6,fork
4050853,9c61bb78315b196afeb718f4706b75f1db2169e65a89baf374e29ec7865ba885,2026-09-06T22:30:10Z,2,15524,b3134bde9bd2bfa746b788df99c8ff959ae67074bddca5ed9d87696e348f336c,fork
4050854,69399f197df43674927502230d3f33fa695485f06d4630c652b1f442a54beb65,2026-09-06T22:31:10Z,1,1775,7fa6f1a87601bcdef6c9d99e38e9febcd1edbff7a86f7ebb15d79ed30f451d95,fork
4050855,9f60c42884e4599c02094114e133bb463b38547ffffa7c62e119fa32decf8ba3,2026-09-06T22:32:10Z,1,1776,c04bbf8dcdf93aee734346a43ab2a1e75520a34217e72d657830eeac708f21fc,fork
4050856,45064a1ae22b41068675f3b12d4415a69dd26574642f23da8157e440f33eacfe,2026-09-06T22:33:10Z,1,1778,9180d6b5d8bf84b4319ae8b543fc5f5b405f8bd73c4ffb371c7d47de6c94e9dc,fork
4050857,88c40bada3a3fe660fb392d24352ec378c683ef2ac120011ec8f41b9fb248a00,2026-09-06T22:34:10Z,1,1771,4c1b7ef6f3f827b610264c5a14351cbae850b9fb5f04ca0138bbad5e6a67c536,fork
4050858,07f808ecdfc0f1a48fc5f9cb4dc1d78d76c92cc9baedd8f1a5aaf374658e79db,2026-09-06T22:35:10Z,1,1833,c6ba9cf4426a398f405c360721a0a151f814c8b207d46244e98eab38c5382f9a,fork
4050859,6582eba2c87b3448f82a472c6b27877e0c72027fd1beacbdb2abd8e5148ed90d,2026-09-06T22:36:10Z,1,1779,31badc847c4fc120f74f65c7094f8811638858a07f72f69c2ab2a818a626b92a,fork
4050860,41a2408862c76f8ead12b66e063483d2891dfdb2df24d4076e874a4b1da0e3f3,2026-09-06T22:37:10Z,1,1774,e15236de9d1b30627c3d0d029d6f318a1e9cc75b81432ad08dc77da821d760cb,fork
4050861,aedb1ee9d026b89de08b7e1df28039821e93be8224a581f7c3e23ab1dbe155df,2026-09-06T22:38:10Z,1,1776,51f6cf3d894a859f3d528559cfdbecc496b7f0ab91ca0683c97171a697a2d935,fork
4050862,8470466182c69bc5e0a485587b75e0d33099180c50fa055549bc6f4688c46ea2,2026-09-06T22:39:10Z,1,1773,caaf0d80c5764e1e4b5161f5ce1544abfb99fa540ed88ddce1e3852d439f7ff2,fork
4050863,57c7d697b46811333a46dfae12bad1dd06803718e6b65ae51b7cc745b4af4bf1,2026-09-06T22:40:10Z,2,6889,3f7fa237a7dbed9a16315d2cf84ec41ca066c12b0c105be041bfb7520292c36e,fork
4050864,f2dcb19e274d28a60f4fbcd2fc60f56d874c4810d9fa01eb17270200c1cf37a5,2026-09-06T22:41:10Z,1,1776,ddc6bfd0a6251fd1d9499ff75b1b55ebe1bedd6ad70a877706695b9e735928d7,fork
4050865,83756963edb43d2b169cb825ceae8d8a636373b0444c1188c927e9910b6cd416,2026-09-06T22:42:10Z,2,15367,de235e2a33c0c21a604214a569caa2506c07f0b81306e0fbb41ee13957f08149,fork
4050866,a1a8f43dcbc1ad1e906e0615c4d0c92a62b9ebd483eb5890af2b823c465518fc,2026-09-06T22:43:10Z,1,1775,b39f62e5390a782928dca9e739e0f82429cf13a97d56b58b2c7c2014dbaa0a13,fork
4050867,a1a60c0bb5e941697d9c8d9b2e77363b93a9f24d725b5c9e233630b38faedff7,2026-09-06T22:44:10Z,1,1777,f563c40d25aeede86f54525a6946773e0365735155498a43fc9b5ccf6ace2080,fork
4050868,238608c25aa4bfed0bb055a3b61bdf2dee07d967bbeee99704d78df8359f00f9,2026-09-06T22:45:10Z,2,15402,6952caaa7c0b416a0935c8fb463d834351235758604305bc5a9028d2b0d2eeb2,fork
4050869,232c7a39702cb1db01a5b4b789dbb4eeda8377bd6509a756de0f1a5a4e2d5e9b,2026-09-06T22:46:10Z,1,1774,c1ba7122c7edaabc33ad70fe0a9fec5b1ddb4b9331ff5be90b9feb5c494a80ae,fork
4050870,dc86b326cb33969983b21e7df4c7ecd48bf90eb00ee5538f16c93d675ab708f8,2026-09-06T22:47:10Z,1,1775,e15887e094528903c62850177ce2860d41ff341b2258d98eba3f9a651f47599f,fork
4050871,12b85e1d12abdf4d13759f5fbb0aa37e87b31a9608db4a3f92a25dc1c1b55626,2026-09-06T22:48:10Z,2,15403,ec2491becfde246ecc4ee2b16e4bb4e48ee8081dd4d9569bb604b8589f17d0dd,fork
4050872,e41922bd450b7d6055492d35f0d4e79cbcf9682d1e5a2946f7979c776b748c0d,2026-09-06T22:49:10Z,1,1775,1f2e6cf9680a13be73a9c40daac5a498b905a9698bb2e1d9bd347ca0114ade2f,fork
4050873,b3903e9a275ac2b117409eaa8082957e60f1741dbc13119a2dbe857aa5124f8b,2026-09-06T22:50:10Z,2,11232,274cfcd52d9e61520abdda2c558fb7ba2643305b7ca96ab663f8dbabc2a1ec24,fork
4050874,d7a1931be187ff5ae571b55938981b745a4c43dbd522432d91c45ca1f29cc045,2026-09-06T22:51:10Z,2,15525,1d37850ef98b2904e8c41c75794e8035afc5cfa40b3d86d3a018f94cf91ba224,fork
4050875,532ee3ec96d0007bd81f01da8dd635ca4aa003350301b6cbc1919e5810dc5fcf,2026-09-06T22:52:10Z,1,1777,9b7f9ac0f35350dc17085abbf523340685c339657a2df6094cfc731b3d799f03,fork
4050876,87ef871f0faf0e206e5ce4e8e84a9ee683b07e5e28314a5fd0f92e96c000ef7c,2026-09-06T22:53:10Z,1,1775,ce1fc0e026dbe089b76f636595c7d1b59c6fcc528b9113fe0b13253d0572da58,fork
4050877,9dc98856be8f901be4d6baee26ba7833e5b3dd666842394c5cd4d0f144858d6c,2026-09-06T22:54:10Z,1,1775,544e2e888030047f77797753e9dbcf9d81f1f41d399209c81f1c398c985c7f6f,fork
4050878,c2330434af41bc53c5a95ca78ef5a3746d5dddb4a851061830d71a03da6929f9,2026-09-06T22:55:10Z,3,24485,d5f47d568e00f4ccc633910fe0dfe66ece49c92a99a4b7fb1ae0433326698a97,fork
4050879,aa2160574d2e6fa6e4e7492a7810dcf5b95750808cbfb887a9c986095d9f9b56,2026-09-06T22:56:10Z,1,1776,8b9b731b3fe77bdea0470dc28f1320e4890054bf89ebb00f9b73c4bf12478823,fork
4050880,3dee7b93d7d25f002f06d7c6ef00b1ab02695407cc5cc35f7eeec3c425be8886,2026-09-06T22:57:10Z,1,1779,7ac9681197d946a6cbd47d8761e9379ee7d57a4ce19e0dc579e76a2ea2bf037f,fork
4050881,a4b5a8c6d34b21b1ca1d4c34f75958a0db2552233e53c98e2bba3e0b7dc405bc,2026-09-06T22:58:10Z,1,1775,bc58fab97f91237a446c180570e60284a3c336a890c3aff8a59a97027c78eb08,fork
4050882,f35c3d3a4461057066aac1f79ba96a7977263210d507bef93a2849e42503b063,2026-09-06T22:59:10Z,3,24468,9104ffc32da205fd6f778fe9cc4d9e347b45de5b62c4a11a78e6ee9f20e63819,fork
4050883,c059d5f32fd7f3f730f19b69fdbd52774334eabc26738bd5e4e54cbb7e49920d,2026-09-06T23:00:10Z,2,15402,d7a7fe88a4759b33362defa4f6a1b4aba0881ae5367167407e5edd9712df19c4,fork
4050884,9e925f7d0bbbc46c7759392dec8a027930f63791717c2be8acff6ad4e92d5048,2026-09-06T23:01:10Z,1,1775,f91c66faefe203d3e87b54fc741d3fe7cd22bc52a3b572a322000c201decbeca,fork
4050885,b98623f17b3d5b12f36c190f2d26095504b7e02f23716f7b00589abc480aabbc,2026-09-06T23:02:10Z,1,1775,43b3948d42e2f8c184fd8de30f3aeeae506bdb2241612b496802f5de3b02da25,fork
4050886,7794b7f71e6d7d7300e8f6672caca6906f8090394a41f6a7e129902684c383ff,2026-09-06T23:03:10Z,2,13857,47d38db8adf98d57c901325835819b6dc9556efbbc1e8fc82b207c4137417e18,fork
4050887,a02e4e6a1f0c05874f72423f48aa0eec0168fcf5a05625718610dc67a762a930,2026-09-06T23:04:10Z,1,1775,6f72f8765e6dbcfd1ba7ae8d8afacf25ef1053921ee40258f4d1fbf7b7bb73ab,fork
4050888,71db405378111e63bea41dae5b4f7b8934d46667d26d4a0d19684e0707a06e72,2026-09-06T23:05:10Z,1,1833,7b49a14a5cdea5a2b1edaaf20ad3f7f15cb48938b608f8dfd1dcb915ac73191e,fork
4050889,2fab971f2c31bcff8e36a4dd39f1a340d5167e980804b3aac4d977276f74822c,2026-09-06T23:06:10Z,2,10767,6b43aaedd4eece4a81d2ee75b98e35de539dcf6af0321eab48f48a4fb0b99829,fork
4050890,b8377568f8e58b030772bf6b247f6a052c933aab8faea1ec05cf3b7cb4ecaa9d,2026-09-06T23:07:10Z,1,1772,929b9737d08e86c12887834fbc9b19e81a4598bcd87df3a7372e79ca7f206bed,fork
4050891,b7998ce9faa9af26b33e517a06ea6a4c26aeefad5b7c757914f76c5b1f64dc12,2026-09-06T23:08:10Z,2,10768,7accf307caa60ad7b85e4422a096663248a4c15cec496608a44a82d07cea8077,fork
4050892,f790e0161cc40f8f2141ebb4b8716845524734ed72fe118b4f917944caf9777a,2026-09-06T23:09:10Z,2,10768,ead0e6b1a33a9ac4e43b4b6454a09f7a673b4209a528c36b3253f6f18d2c61f3,fork
4050893,1dd96493701cf2377a80f32a205c4cf1e2d5c1373bd88dd55550f0a6be191839,2026-09-06T23:10:10Z,1,1776,1122faf7c7bbcf6417fd5e8fd0e996d6e24774e1558baaaf9d6c385255a677b1,fork
4050894,b4d53fe36afe434ac7a650d6456f97e7592291829fd2b8a1d97ae1816869e944,2026-09-06T23:11:10Z,2,10768,d1ef87b8d5b8b8dcedabf102031f66669d3b0edf22eeff958554e9f2ea8e6b11,fork
4050895,e5a1477506ec0f7b0ad84df5015128552294bcd5a3255ad48460b2f8b4a21584,2026-09-06T23:12:10Z,1,1775,8b85acf5d65502dd1e029f3008ec1d0dbd2b3c051b5a2ef4314f1a1f877fdaf3,fork
4050896,04bebe7c88e2a0be88b4b5ae6d3db141001a60c4360bbc55f0a72c98fe3c27ef,2026-09-06T23:13:10Z,2,10767,98eb22d6b3e81daacddaf62d8ee582e84c12811dc6ad0d0212c6d8537d7f9660,fork
4050897,54e71cddb14791524ec9a9aa903b7c6759a2c6468a264ba2e89e7a9adc2d50cf,2026-09-06T23:14:10Z,1,1775,8a624925c1d2b9ea2a4f94c2bf8266f752004d674d9b56f3ec43c2f2e997f18c,fork
4050898,e8b2032ce742db6b41f50b43a03fe8954c6862d5402fc43a570d7742050a6deb,2026-09-06T23:15:10Z,1,1776,fd0bc29ee39769864eef161e1371b3b4741431b5709009c53b0852a02e6f8b4e,fork
4050899,37d6e7569b224626a1c785f4a649630adeeb03550bb8f9f7ecacc9ff20a313c4,2026-09-06T23:16:10Z,2,10768,cb672792f415bdf344a5b3deb8362ea252abb9f9041490817a55b5ac14767576,fork
4050900,b23135173d3076e7a952ad1f60f9b5d7d9f25fd3dc0a5173e5bf6b31d40bc611,2026-09-06T23:17:10Z,1,1778,ef4a0b55f27aeaf6f4230f175ac1c099bbd46c15ff731e857166a844a05ca0fd,fork
4050901,fee66bfd87545e89577f62db5748a9885263b6c95022d625c15394671f375765,2026-09-06T23:18:10Z,1,1774,caa11d8f6be21dec53f713cb78642a99f4b5826b71fa0624785b3da6ddca916b,fork
4050902,0b5962957cbec1cc0c434027ffb80c5f7883ce0a7593bc512527253ef2026b12,2026-09-06T23:19:10Z,2,10766,4eb403e82316f578b64edd28e331f73c072da413e9fe8feece8855bd660ce3eb,fork
4050903,d2a9147427df0c74b4f6756ac9f0cf0555aefdc8b5134ceaee97fb21e32acb55,2026-09-06T23:20:10Z,1,1833,4b89f585db88a23c398b7a688bdb3569872d1bf27b1c357ab09df23c910a5cf7,fork
4050904,c4c855c4cb8bf9f1b1cc911afb59339409461479fe58ace9a1c8992f63f9f1fc,2026-09-06T23:21:10Z,2,10763,3c525dc1c5de734cfcbce4d8e0bbd1da63514f80dab76471fbb25ce0b690e7d5,fork
4050905,18d48f9a8089622f5d90e404d3b4da12831086848ba7e63c9b0426abed7f69f9,2026-09-06T23:22:10Z,1,1775,0b32be65b765f3a22e714866bdb787064e15c3cdc459baa8d55180f32057698e,fork
4050906,9598564b0bde8662c5a6ce4d982f90a7dd369197e5a40ff745f75de264b95684,2026-09-06T23:23:10Z,2,10768,10e31587342f413d07df60cd67c854c37e9432782c487c56a3a26113fcead728,fork
4050907,b88d72f88461d57e231a5013b6613c3efff048a7e0d4a515ffe4550f50b873f3,2026-09-06T23:24:10Z,1,1776,654ea9e5ab8ba340320a7568b314d752c397a7c33f646330734ac22cb21d372c,fork
4050908,fec60de7ccc73c18d19c65640a1f04014756b10d5798dcd5e5c339aefa4babda,2026-09-06T23:25:10Z,1,1774,6536b4e4bd92be010edb2a0b07f6655301293e0107b148674b815ac2ebef4b3b,fork
4050909,474097a36fd8f2fd4a50bebb1f5adfe732f16fb7d836ef69e36a3771f30d3814,2026-09-06T23:26:10Z,1,1777,6b4bcbe13905d54a76377fc8cb3dad16677fe024efcfe61c8e66f674ff529ca2,fork
4050910,273454abd8ecedf03fb7081d007b00c7182b1d92cffc516f2556edaebb552f1e,2026-09-06T23:27:10Z,3,8864,c5c0e29fe5a4e7c41e53adad698631538a9eb368de5c18cbe74093b7bcbfaaaf,fork
4050911,0fca10385603136ab753ae3637b58578bab18a82a56bebc326538fcb37d1a157,2026-09-06T23:28:10Z,2,15352,9ba2f6a2f802b4cf3b7f468ff6c9bf796117faefd79ce73f1e3cfb202c4c4aca,fork
4050912,2899d600d5bcf0258f97242a9160960f7e9829883a9cafa45dcf24211e4abbac,2026-09-06T23:29:10Z,1,1778,5c5dd53c1455aadf9a68989d7de0ce0b19952b6ce935f0a2a47a4d56416cce89,fork
4050913,478877548275883194593724bdfd3b92a734eab26183b16f7de1ef2928754095,2026-09-06T23:30:10Z,1,1776,17b0403bbd0f1a1519d1ef2c3fcaca78bcaae5a1ac0719a97d538ddfc229e24a,fork
4050914,c541f37a727f1c34f8e3b66ac937fda5339db84f7c798b3127566170e0c3362c,2026-09-06T23:31:10Z,1,1777,feb730b654c056def505504c05289e05d51ca1ab6f60027c2ccdf381cc4677a4,fork
4050915,d73bb4122a459a98a9afd9b8bfac87e882d92727cb07f1caadcd9803f096b3d0,2026-09-06T23:32:10Z,1,1776,46ff28aaddb7403c91215bbe54dfd8df0aa9b41462c9a0fd2d5aec3304691355,fork
4050916,fe9fbf45f3346d7c5d7a5a56a65b572d6788aa4fba4b235805b85680cdd5dad5,2026-09-06T23:33:10Z,1,1774,f4d2c45838d18679951e55d157fb4505e2bec449313962ff1c13e0c2010dc75a,fork
4050917,3d85130ed061933e0449bb52c1db9113ce4a81a03756d601c16d8feeff1570f2,2026-09-06T23:34:10Z,2,15354,873893a38a6018c4fc9a522adadb577c801cc8e3e2ac7506b1916973dd28888f,fork
4050918,8491af068297cc4c58fba3d049662247e176283c27022e2899f65d61c746102e,2026-09-06T23:35:10Z,1,1833,f6db862acca3c91052c9a95b01b7350df2eb8d1338bf1914dff22fbbab9beaad,fork
4050919,bb572d5c85b521983269f42131828f0df53878626954a814bc38254ea45525e3,2026-09-06T23:36:10Z,1,1775,8ee1f9a63149bb124f4c61e31d8a2b4374e9aec4d9d02c9dd4da40f5464c981d,fork
4050920,9bf1f524f1185e43ad10b32408ad72df8d1a441b6cc71d1badf3ad5e6b82e54d,2026-09-06T23:37:10Z,1,1772,cd57fca75d5f9538227ea329aa33323356ffd406e90db5334d56312fbb9264b4,fork
4050921,a24886ad7afcb1278ac66787c2b5223bc57d90a5faf368c768fb6eaf54d45b73,2026-09-06T23:38:10Z,3,18091,48358f6ecc0683f6ef67138030e801bdae219824c55836f067fc0b6d48c98b87,fork
4050922,363bd4e8bc57c01b4e28b916f30e95520849b68d44667c3b47023b5289bb64dd,2026-09-06T23:39:10Z,2,6401,4b216a9fe55a652fbac19e7548f64bf090a9efea09bc9c167575ecd8883732f6,fork
4050923,78a5f959835c6222203ee16c13dbc3422df530214c2ebc11417c4a326a7ba7dc,2026-09-06T23:40:10Z,1,1776,5b0ef889902551afa3f76a4de26d1f8a1900f667ecba163f706e3d51e5a5ddb8,fork
4050924,1939ece67811e0c0e35e8303a230fb9e75ff189a2c56e48b0b320f79cc356269,2026-09-06T23:41:10Z,1,1778,f7f389f37ff75059575d36649c4f3090e1c4062825daa470b3dca61ddad1285a,fork
4050925,ee1baf96b79a8fb64290e77453d33c36401a72c2e592be1cccf2f8dd3309a4ac,2026-09-06T23:42:10Z,3,15299,3d9a122d1d5c57c1a0788f42354e5c17f29409a10fcf36bdbffdc5f612220ebf,fork
4050926,f28f36801c8821eacffe87275d1ab881ad7fc27aecf25060bed9554c015a9342,2026-09-06T23:43:10Z,1,1777,fd36dd5c339c2c9c5820c409908f48154bd17e3a0c6ab8cbc06d5b83bae18e81,fork
4050927,aef5b177873440b64d12c78d06de0914c08a6e98ea512a79402f8311c0083643,2026-09-06T23:44:10Z,1,1776,d74462104649fd04ccf39c4aad60b597d127249c0f27bb57b529ad42e4da971e,fork
4050928,7ad1c8ac5036bafac90f9589ddfe7fd202e549a93fd1d1f51a350b9d097e2382,2026-09-06T23:45:10Z,1,1777,da7950c93a91773ed3f7d995248cea861c147d3ae11090a71cd375bad844df08,fork
4050929,5cdf54bd7ca12bd0843eabf90819f9c72177c77644ac5b1a4b7f28ee83dfa97c,2026-09-06T23:46:10Z,4,24874,1de4760049fa7e204ba39db8445a1b7ef7b9f3d992a937d1d5aaa1705bf5a8d5,fork
4050930,5fb4458cdba0799e2732c593cb19cb7d134c0e7d30823372edc80d3a85a5e9a5,2026-09-06T23:47:10Z,2,10766,f35994fb7a5d05dd0b26c3173da9a03aa9470b8b070921221785b492c36c54c5,fork
4050931,b1f74cc94fb57bbb1a28d60ed46e1a9a039c49bc7db2315c4f15a8f78aac95e7,2026-09-06T23:48:10Z,1,1777,d2cb33a205afefd092fef75dc50b0f35bb5de2542c69c3f5c7ba9fab902bbcef,fork
4050932,0a731cb150b3d7f75acef9c7040bbd630417966f15bcd78815b4a332a9d5d849,2026-09-06T23:49:10Z,1,1777,45b80899f9686412a86b5d48bc49ed10504b55977b828a5de785089ad17bda17,fork
4050933,78dd131917386a47f2c520b4981d4ff89744614ba55405922b14d30172a300c1,2026-09-06T23:50:10Z,1,1832,aeafaee62c67434ebbd731dd233963e683fbe2d7ae0f9f4cbba24213050330ed,fork
4050934,de31f9c290b0b52d2ca9e21cffe5c00bcb59fc00d2ec69040732b34c4ef35812,2026-09-06T23:51:10Z,1,1778,ae05fbf7fa12cce36c558be0d335f6fa142403469b8b8e434c53142c64526fcf,fork
4050935,c29270e54f685772016edccbde0437f3abda2bebd2a8b0877c1ca0bb9688bd50,2026-09-06T23:52:10Z,2,10956,a084429352503090a23788acd9d0c61a95910ced0600dd9784091e594875e032,fork
4050936,fda775995175343b536f3d4ef56f0204cb638a19a66c667fbefd96c134b1c7ff,2026-09-06T23:53:10Z,1,1776,d07ac6b610cef7052d531cca1d0028c74ae636cc0c13e7e3bdde58b7906548ee,fork
4050937,bd25f99603b8fca4e325d804d5e58d42c8919d9265ce9cb25a81453f747de8ae,2026-09-06T23:54:10Z,1,1776,5dcbf214022026f033554261fcec56fb3eafd2bef53d7682726b6053d826ca9a,fork
4050938,264c256521ed97f0a373295f745122a2dbafb5302c4ac36c09aedb9d094f8ff6,2026-09-06T23:55:10Z,1,1774,6556dacee92d20f98e0ba58a70534878aaa781add8f47874e00876df67014d04,fork
4050939,fcfee2dd6ea9ffe5a6a4ca2de2bb7eb6eac968e30bfba32dd71fe42ca06d90e3,2026-09-06T23:56:10Z,1,1773,c3dc4ddab7de7f269040c6bf3131d596a2d3c6b5e11b93f8219e674a6d8af2e9,fork
4050940,78b81d7675488dda881ab222b8a1bbfb47d485b33ddd54a3cd95ca5c7b8e1ddc,2026-09-06T23:57:10Z,1,1776,11508740085b7bc0735051f406b46199b08901fbf32ba24d1a0068d28e88137b,fork
4050941,ceb16b7c240a5bea17b9d17b14a39c96b34a140979f776324ff2d0378e449406,2026-09-06T23:58:10Z,1,1777,af996430d3e2d3bb4c99329e38f951929d11bc75a56773a331ca7f196399781d,fork
4050942,e0007d59066cddd1c660d60051143fd2d62c1d32232fce36acba6d881d57c386,2026-09-06T23:59:10Z,1,1778,e348fe7eff456abcdd403085bf0f13e662c6f544f02df0d89bf162c263add579,fork
4050943,69e0e48d6e83d37950b3b614b806a57638f18d4cc662fcf4698f79307eb65a1a,2026-09-07T00:00:10Z,1,1771,5e725946b269f8becca8c7fa4a4565bd22200543156edbf062c4914f3f6c5afa,fork
4050944,55ac1e44144a3e949d49a4fd9b29b2c2f006c02bb22c93c0947a1b86c02d9470,2026-09-07T00:01:10Z,1,1776,c0fd0a9d7eaf47f1d247f288a1d7778ff4215b854211fb4af7f7d129770f3690,fork
4050945,895c9a1b1f4b222b4b0c4b37f3a4ea836adc998315092179b2ed1c7ae131d3a1,2026-09-07T00:02:10Z,1,1775,7c7c73fa571c013f9c67f1c7b8d415dde9838dc537f5ec2ffd043e7580379a1f,fork
4050946,8d60cd9a0019343a207c364c8f6b67bac957b739adbacb6704fd008b395e936f,2026-09-07T00:03:10Z,1,1777,a504e5a5fdcbb7d0478d13fa109826500daab83bf438caaf076942c07f648206,fork
4050947,93b6ed9cf910c05266f7bb3c2a574efbf0ebe152ba1cfd7bee0c954d094df273,2026-09-07T00:04:10Z,1,1778,bcef6879374a58177c9d72da3a9850d35f8c0641492f2256caa4cab44295c79c,fork
4050948,ca208d4e01e00f9aceef7bc01d323b884d18c3b6db02ff354b3fa2dd6154dc86,2026-09-07T00:05:10Z,1,1831,89f002fa7901adf1aa4cca22b086e42385bfac8f79a5338f7756249b8039890e,fork
4050949,0eba309ce4c11f21a16f60be3afd01d412f6281122df1e747e6dc64016bf10e3,2026-09-07T00:06:10Z,1,1780,c7a6cd7ae8bb2b3f45d7928298d4ced15d19c1719ef1d639aab9c7b3be3d6fec,fork
4050950,0d7ed2bd029121d753181ed9527bc564b698e02274f33f83dcfc14bb31348174,2026-09-07T00:07:10Z,1,1779,d9fc5b4f3d657f209398ec5a00ba560c8d7e78e0d14cd15b4ded1c60a816e32f,fork
4050951,c13d27b3571cfbfd30dde8d42a4879ef14d36515330fa190ea2963219371fa16,2026-09-07T00:08:10Z,1,1775,e3b31c952d3b2785e7f94f2ed6abd1ce56f216ca660730d28d1e1588f8ba9b5d,fork
4050952,26821904e27f1014522c737d1857686e9294832676c213328df1140103006bf7,2026-09-07T00:09:10Z,1,1774,a75373016cefdfca225d58e7221601c7208528a4e670e6a1996024e7febe3d89,fork
4050953,b1a8834b5dd6eeb26bb0cea3ad122138c063c4a27677697bdb2190bd3271ee5b,2026-09-07T00:10:10Z,1,1772,08de1e9c34e4485d41ab208f8287b12fca6dda7eeb8c202bd3928a562812a299,fork
4050954,7a8441938cb37bb1ef202834cb4e9e87d55dc35c5cc22fc88877833991e1966b,2026-09-07T00:11:10Z,2,15352,e82a39a89f58a277dbf45b1dcc3074f55aa3a9edcad6bba1d55aeef5e1d861f1,fork
4050955,542dffbe7c47c13d501dc5414073e63ee85f257c40649dcb71f3a78f9a17f902,2026-09-07T00:12:10Z,1,1777,418bfe9966164ca44238dd2a3cef7dc55b8e514875de706605a907f471d7bedb,fork
4050956,f7dc6f6331fe3d39cb1c8411ac50d8ebe0f8cd3c2fbc34735a3bab0b885a8844,2026-09-07T00:13:10Z,1,1774,ebdb68fc45fdd04672ffb454c149587d4f0a9d7ec0ababbde4e0a3f09fd0bc42,fork
4050957,814aaaf0520fcbcfe51c15dab98d5d86823f363a54bd3dba80abee6173f75a9f,2026-09-07T00:14:10Z,1,1775,90e9880dea9af3014c5cc359319896383cc696c9930f0b2ee90c152e6aef0f99,fork
4050958,03deee69c8f8a580a259ae6aa1aa913879f64466e4b53148b0f814fd14114510,2026-09-07T00:15:10Z,1,1775,ca4ce77d39737bac2de66c78aff5dfdad52cfeefb156e317fcb0327045141c59,fork
4050959,975d4599d3fe73fdf6aff3a3fd00d318676f79374371680e4e49a1f12b39f164,2026-09-07T00:16:10Z,2,15523,87dcbb3482999fafe25ccd3ea339f0aaf0d0ed5a7d8187e5a8c6431ad239a233,fork
4050960,59a1c7a16af4bc8a7a1b17d857a3b5dfae95b5f17c3a8f0e8cf5e1e69592062f,2026-09-07T00:17:10Z,1,1773,7dd55de9a5a37a3122c1341779bf626fa04cd128e9eb976a64d4412fb4e78179,fork
4050961,de9afeca3fbf9e66e32f327fe5ec61de72d72beba8d6551691fe573ccdca9abb,2026-09-07T00:18:10Z,1,1778,a44c7a2b2598195d923c5650819acf61d839b2218cda675c015e3ed4a822fbfc,fork
4050962,add22787cec02abecb6bb8ab6868a9d3fd2f225ef393c448367d3f849f48a976,2026-09-07T00:19:10Z,1,1774,5fc12c015acb6190f70e3ca612493ade74c4174da097dacb1561797b788c6d92,fork
4050963,450ca903c97a26091a575ff9cf71f2b348c5ad17135e3c605ee7eb2bfc2e5cbc,2026-09-07T00:20:10Z,1,1833,02f8564f8b27bc72a8b1e5dda67c5269c8ca453825b44ba689bc3e63b909c71c,fork
4050964,be36d573362526a4f7d43d34cb6e14ce2b38324b321e126a71cb1aac27fa85c4,2026-09-07T00:21:10Z,1,1777,bd7a292e2aa3c6127ccdea8604cdfc7fd990bab7b8345319844e0ef59c80cf87,fork
4050965,cfd77c0b68f705130fb74141a49f5546ec3137e71f0b1429b088c71ad10d9a64,2026-09-07T00:22:10Z,1,1774,14eefde8b10052173d6404e0763e99086a208f0d9fa4cc490b43ca21f34e7e3b,fork
4050966,a42bf34a5bf424d5d31c39199f545fb38674bd0a6eba8e2bcf66fa36aa16b8da,2026-09-07T00:23:10Z,1,1777,733126892cde358f79e7d71ff1b1615b4b1b49329caf526463b978ea0ae4326e,fork
4050967,40f8d182b7847eb8d6bd5602e99a1beef862203a1a6c67af6f89ce96f9ed7c22,2026-09-07T00:24:10Z,1,1776,b7def710c22396ada0d2f3b0da4bc949ed8dbdcf136fabf1541357ba6d1e48b7,fork
4050968,4ab9c556fca6f6031f47abf6afb25d53f8f3c8980d842fca74e967a3e59a967b,2026-09-07T00:25:10Z,1,1776,d98bd5614857bb389bf5db9cdc1b0be12879b8716744eb1a9589e44d523d1251,fork
4050969,2c301a2a30d39612f299185bee9010979285c527d054cecbec4fe111d80a6a37,2026-09-07T00:26:10Z,1,1775,c784f9837bca9a3b8ada637dd67ba730c49f5bbe9e2578abe237a672596d66da,fork
4050970,39a1f2a48ec0aeff48cd753c998c01470ab6c818df0d472549da37cfcbe41b3a,2026-09-07T00:27:10Z,1,1776,9fb63dde52779dd1735bbf91a6522259d79b0ce0c7aa9702934765f78efb6f83,fork
4050971,0b17d43ef56b3314c859d80c9ee4d96460f822bf0221543084671125e512229b,2026-09-07T00:28:10Z,1,1775,8052f028dd42b1f847d469b8642b4cac1fe9ee1864cded9e6ef63c437ab161b1,fork
4050972,fa9430e86be23cdbf94b4a71f089e8ff2b1e55189c6df6cfb8167831bbc2e4a4,2026-09-07T00:29:10Z,1,1776,2964c24dd87ac10845bf732aa3db210198e4b4d2d5851c3202bdc9af52c8429b,fork
4050973,5fc5b002b8102fda713aa090d23931b6d82f995de206c62148c457c44fc5b073,2026-09-07T00:30:10Z,1,1773,c43ea81afa0e27a02924b0312f1b0bfc76a113f6568657f176e5b383db1f02b6,fork
4050974,ac04ae748390412513d20c8bec6008baefbbe10086187f7cab0c3beb987741fd,2026-09-07T00:31:10Z,1,1772,f3e612b2f76b786d1d70c164161928d4e5d8af18550928dd6e11c98187807466,fork
4050975,4bf570f395d11a5829c65c2d87327a253df692b4850b3c686eb04dd97163ee78,2026-09-07T00:32:10Z,1,1775,4f86d8cd4d8ae17afe735cd5127fed7e5a5ee07d703b55e215e65c8db1f3acca,fork
4050976,74f477f4210b749b14624bde558541cf1a78eb5f76905d319e0088667fe4387c,2026-09-07T00:33:10Z,1,1773,769d1ac6a8a236ab170c1e58907fc2ff2545a4be43a6a2a78285ba34fb24da8e,fork
4050977,a4abc994bedd422de08cd7769718bf01d92b1f94e41c391f1041702a825e5189,2026-09-07T00:34:10Z,1,1777,360586a9ceeb55bac5a2ba7bd792a3759b7b1c0b5bb08b8c7adfcb7700a6312a,fork
4050978,2a1216a4f1f3c7766876651182f99934c69be6a05f83756ad03d02ba84e3dbe7,2026-09-07T00:35:10Z,1,1831,36c69abc7e8528cc40800632ebb89c7c7abf57b64de16a258fea932a46f8ca3e,fork
4050979,8146370391a1f26790e12232aa0c81af0a0f80cf056009449f1a0a3051cafcce,2026-09-07T00:36:10Z,1,1775,6a462bd4b12f2fabd5bf28ae9032e05a724502d2d6f96c82557e3c803cd8b543,fork
4050980,a0ee443e5a51365eb9174a45fcd3fe5474c1f9b9b8a2c97b8381b874db86c75c,2026-09-07T00:37:10Z,1,1775,d59accb1b76fb99468dea247abc1787081788224da278cb660752f584ba0f342,fork
4050981,92d7933017e5fe9661933118ac9af033028fb034f720fbb920e5795bd4201086,2026-09-07T00:38:10Z,1,1774,7b94b517dc318ac56533baabc238fbc3add82b30bbab06073aba037be34252ee,fork
4050982,3df33e4ba687118411bbb57a0f5ae065bf47f8d1c2754a9d0720c6ee54cbfc70,2026-09-07T00:39:10Z,1,1777,c8335da44e625137c7d5f883d8160f1866bc9089fd9460d7f0d7e42382a2e3a9,fork
4050983,75705bde6038e2bb0be506d8dd79c4e6a31c2176c3486f6711439b715e520673,2026-09-07T00:40:10Z,1,1778,1849ecbeda464d8759405a43ebf6e5d7963477fe0f128d48c6902d47d545e862,fork
4050984,59cc1649080c54959cff02a6de56422449a7baad9c90d621f9597d6ba88e6a6f,2026-09-07T00:41:10Z,1,1774,38dc1a7029a2f9f8abe146c8a7bee4372371264fb314b37f9a60416eed35e409,fork
4050985,5da04e84015fa1609fa11b7b23051934c91041d4f6b4d51ab0d64205c1e57df6,2026-09-07T00:42:10Z,1,1774,7773c9b276f2d7d8488f2a98da9b53208dbd74827ce785243240589bfe80fc56,fork
4050986,96ceee20331fb411088b244922f0d2204b5ed67bca11fd71e5f32be2f0f8db04,2026-09-07T00:43:10Z,1,1777,f92372c6c55481add8316569b2fab741e16357445f9fe426ae515b1e9f9ffd8a,fork
4050987,dc89e686b6fc670ae4c93875152e4ccc5d866f7184d7a6fbc65f7ae5ba23f231,2026-09-07T00:44:10Z,1,1777,8dd6b1d776558cad61b4c954ccd03b6e79ac25de54d7bcff8c27a2d74eb429df,fork
4050988,5c3bdb54724911488fdb41c53710dc59eb2b52aa069878fe7a2743964f221e80,2026-09-07T00:45:10Z,1,1777,0cdb7c5e71cb2bc521e822b36e5a5bf3369371823b5e14a8b249545b9b069013,fork
4050989,0cba2d09dcbdfc8f291f083ee0372150eec2ee51a53f98eb3ce42b36b716fc7a,2026-09-07T00:46:10Z,1,1774,a2bdeef0321a64c0c50ccfb460906b2eff6324113b9a3a4868ecfd243f0c164a,fork
4050990,e14bc3f5ea460509a3bb5ed3129ab98bd78f8c10e001ecbd618366c40dfd8488,2026-09-07T00:47:10Z,1,1776,6ac371df91b6226676d4d2261c92a9544eb1ece99fd7c81c22922ffff4197cd2,fork
4050991,6addcf5c530e9510dc973a25dbfdaae935e6c06ae37f6f3530a05745be17fe70,2026-09-07T00:48:10Z,1,1775,18ef8545d797881e94360980a4a7e11e419296bec93d59207737dc3d47532089,fork
4050992,3a8c8753c326b2b5886f85a37a0fc2adb1cd87d4e7d9594c879f955e64673ad4,2026-09-07T00:49:10Z,1,1773,6fb9d89156bfb63649e973adefe01261ee3dcc13cc44481a54bdcc56cdbfa02b,fork
4050993,155b60c6e116efb5d9ef6add8a4ec992ddacf6d6e355a5c470b2aa9e3d5253a7,2026-09-07T00:50:10Z,1,1829,59c554890c3f995fd7e2d9d3df9586afd4370b775b3987c72ecfb220bc1cf845,fork
4050994,a43dd76faac21f7568383efda25223c53ea97b847a289c747daa2b7f48f0607a,2026-09-07T00:51:10Z,1,1777,d30d5a829861aaa34d20e427834700ffccf2388763fbca9c756afc9b7aa651f5,fork
4050995,6098d0b32d06d3b161d59626eedb5cc2c4fb06110ba0d68362ab07a97ba1abfe,2026-09-07T00:52:10Z,1,1777,8ddc45f2320b4d2b963b0c1f9fa3a12a1969ac105a241f826774e6abcf587c9f,fork
4050996,680fd0be8b491d00d86e07136707bdf4b40d646849b95d57620dca88c3964c49,2026-09-07T00:53:10Z,1,1773,92cd474c3470b7bfb5b938f0be18fadc269d19b1c57d6a9f96650564948b8414,fork
4050997,ff2e9f10856cd75d46705c0c03891a418ba54bcd5978b4d262894813fbedfa8d,2026-09-07T00:54:10Z,1,1775,5c6053266ef39c84303b2b4c5bd8229b1e6c3742fd5997fa18e49f472de34aeb,fork
4050998,ba1f3cc6366721c741205c89af2c8087203d97362a8594d8a0759a3fb1a70100,2026-09-07T00:55:10Z,1,1780,4b439c73d00cdd4e58589d11bf32d16a98d96ea331235884db7e8181b50745f5,fork
4050999,5fb3ba02972cc637fc7a95ab5a9609107234f3de7ce27a4a29e939647790f531,2026-09-07T00:56:10Z,1,1775,37b105ff7637f3a79fbc502d082eceef2f75f9c89765682c992debfd9b425bdf,fork
4051000,18121bb6e6e66ea2af2e2a1f6e1e909f8905e7743ae7e31dd61a52e1d6bded6e,2026-09-07T00:57:10Z,1,1777,7b5a48df804f6a89093dc374ee7dcee234c9aea90e38063ea2906566e6aae37a,fork
4051001,505ea40d38b8269a11061b677df94572ca49507d6eef62af247daf2a51f70122,2026-09-07T00:58:10Z,1,1775,47dee8579eca2582c2b4761ad16cff29646ee7cd19f5fdefaade0ac9122d45d4,fork
4051002,412fe3b4af5f6bb2dd114aab1a5cd2c853524ee7f570d9c7299a6b24269792a6,2026-09-07T00:59:10Z,1,1831,882f57951c6c3246ec40638c78122e9432f49ad5aaeed1a8713cd51d8060b0e3,fork
4051003,ea06ab381002dc1e91ae5989bdf9222a87081b17832c49fa9c45c6471326d6a6,2026-09-07T01:00:10Z,1,1776,ef1db61df0c1840b35f4078f3cee3f86ac0431cf42074e503be194ab9e917e42,fork
4051004,d79f3d29b910a0788b6cca04b53212d6d049e126ff307362daf16278e00790c7,2026-09-07T01:01:10Z,1,1774,8cae34e1ddeaa8df235b0960fd4d77e0c84947410931758836fdd7b0b06c5842,fork
4051005,e4a769f33adb1308730cdeb31b6dce97abb0dbaea74748cfed98660e6cc9504c,2026-09-07T01:02:10Z,1,1774,523a4f2c23db97210808aab183c6624a2ae78fa241f2e2e87f2fa0427c4eeba7,fork
4051006,56663594fee1248fd1127813692d944997153b7c8a7cbd56f958299bafafd9bb,2026-09-07T01:03:10Z,1,1774,6cd23fe17adf7e8c1dfde7d91c2ba25cd568d943c0958bc7566704c135ec0d24,fork
4051007,183bb34b9731cb417f8fd3ec9402a3cf4c0e9f919e9121b648b067a20b310573,2026-09-07T01:04:10Z,1,1775,47668f589ddbcb1217d02471d9678bdaf483013100d5755a11a81a7200e7ed61,fork
4051008,9ea86335042258b056a792c3154b3b4fbdbf8e96d828367b4412be51e14446a7,2026-09-07T01:05:10Z,1,1830,fa9db89ed0b51a26aa41a48eb716df3e9e51d834d7230c1c4e96ec28d0fb3b85,fork
4051009,3700733938ad8145f2245a9170cbf9d1840ccfaf213b9c89f80dccf74e4121e0,2026-09-07T01:06:10Z,1,1776,cba1d4944457b849a6737f486c8b0d90c24ad1bb085440367e0897898cb28c71,fork
4051010,b60de7a72385ec823d8730a4364dbf91b76987666d504d1e2ed00e10ccb37ab2,2026-09-07T01:07:10Z,1,1775,34c6911631a672955dd39f033983f08198887134d19a4a1d5c776d0896852650,fork
4051011,23222b86932d9b082c72d418af9d500f333e7b38d5abd5e2dff29e7cca27ff4d,2026-09-07T01:08:10Z,1,1775,ecd8ad1568f87fd60b3c9a3a448af8f0a31601d12d506e006fc4538a73a7aada,fork
4051012,d77d815741893bb5883e3e1a5372de223ed2a07acd36c87287d85a8196abf6a0,2026-09-07T01:09:10Z,1,1776,e43595e6d2a327306de32ccdc1625ce5426cee46b543f7c71a909436a969212e,fork
4051013,69260599ba5cd2d061939dfdbb1b87cfc11cab72677d33b778e63f611af9f2d9,2026-09-07T01:10:10Z,1,1775,7983b7b6b6c93542ddab837d7f4448386a8776d2eb60769ee123a87a9fad8616,fork
4051014,5be18a612490a16bd70989507660b53e04a6c2c20f53982b2fb73311b21f9223,2026-09-07T01:11:10Z,1,1774,235a09716b3f0a603e6c324d66b6e18b8bc8aa43b26f5a65cb239fbe0d3491e1,fork
4051015,0891ca9dfbe62970b3fdc0ee2e62fa6a87b91b1ca8667e48a051c5e03783d61d,2026-09-07T01:12:10Z,1,1779,dd54469086753833a6cb53a2b03486e6a58830b815fd9874baed939d85a88036,fork
4051016,9312c37e157a668396d322432fa744bdadd256e76b8c1c4bf56d0a125b1b22bd,2026-09-07T01:13:10Z,1,1776,fb777ea40ea3027c946f7090110cbc9cefd78de519e1099551df4052a1b483c2,fork
4051017,6376b6e0eeb1b3620c41b694a2aa73c02be16879ad73cc15ae6d5d4a16e68580,2026-09-07T01:14:10Z,1,1831,8460246b956be56aa9683f113bad4851c86461e248f340d26982fa456337c150,fork
4051018,c32a3b8e24028b70e5e4963fa17177e239679627461f6065bf94f29b18e22870,2026-09-07T01:15:10Z,1,1775,d7c4370f8c547eb9e86eb350511b038f2cc0e2247f1f2dc643e2a70be970b363,fork
4051019,0c16054965ce4f95fc33a9759e3953b39c03dbd142da115dd34d65af89e16331,2026-09-07T01:16:10Z,1,1775,ef875eda2f47645deaeedd8ae8155def6da18c56eaf42204fb68b19200c2865c,fork
4051020,3cf71b185a88c5711fe564dfd53f3eb1dbece5c926e66eec465dd6d18053441b,2026-09-07T01:17:10Z,1,1773,1a6383b2fa7179ad6d6f1148af59e415baae7d3e6515d54830acfe89fc99284d,fork
4051021,bd35447519a19d4244fb8eac4b52b84a507f1be53f7717c65cdf62824fe5de9f,2026-09-07T01:18:10Z,1,1773,c4a8009a9ad869e498e20a0977751f2ab4689edb8c41e5c2f527d32eca28a978,fork
4051022,890feef4fcbb952b986a42c29223c92ab5c0b67e9db955e6c9ae70cbd959abcf,2026-09-07T01:19:10Z,1,1774,229668ee63865a80b854ae7b8f9ff557991f0e86b6a07c51f6ac2147ae66f861,fork
4051023,eba5d0e4ac72bb6c3f77939a28b5327050706d17dedac194210aac324e40c5b6,2026-09-07T01:20:10Z,1,1834,2200951b3912cb9428d4a474a2c8e65a8196b769b9acbb51bdbbc952c677b53e,fork
4051024,dbcc5488d18c91f25a49f9a2bed076323b605fbfdbfd1c8523e507a3843243cd,2026-09-07T01:21:10Z,1,1773,5d1717fe2f6cd598f1570e1ffdf2bb3df32495fbc7b8b0913ac8acc00d34bb2e,fork
4051025,7bd73350a28f7ec22fd43620743065cf6defe6793786929b2c14f73f2284d5ec,2026-09-07T01:22:10Z,1,1772,da2ab64cdd2d91a71c6e4b8d7b0daa59ff0e8dc0b8a0f1319e9b54c40b925107,fork
4051026,66763c43441d9fd86fbee00e4ff1158ac2a63aafba0ccfc895cebf9185325b71,2026-09-07T01:23:10Z,1,1777,492a834d29390b02463ee400c5008cb7b64a40f6da72863ae5da75e6c6d5dcd7,fork
4051027,c3b18c2a226a08a978ea26f9c5ec4c203687060e3ab155adb674de4f78f3ef34,2026-09-07T01:24:10Z,1,1774,7b332bec68f9a7247bb976157ced1c44e0bf438cca14affeec0fae3f0a9538d8,fork
4051028,d45f2cc49b1d0281fec74376c8a31d0630b4a6f3c23754443975ab19edc0fff9,2026-09-07T01:25:10Z,1,1775,db3c15099673e224b0477e5bad2bb1b778c98d4323ef4dda1f032e476615e92e,fork
4051029,192c85a6bc419ef6d1fed64bad1678d48f231648b8a14d74ad2e8ee8cb70f47b,2026-09-07T01:26:10Z,1,1774,bf407d5b89393b16dbd026f70f20757ac054ebe9a23cff620ec5939cc9192afc,fork
4051030,01de4cf1b28467d185a4a970be825876ac34f5f826c57719a722318e9e50c2e4,2026-09-07T01:27:10Z,1,1778,7082f83b83da9c26da44ce1a71e4e8ffef2613e1385d5735771ddebec02e1bab,fork
4051031,b9740a9b68ec725816ee752ec163859321ae9cd0938ca7715d8f739cc936fa8e,2026-09-07T01:28:10Z,1,1776,e040782af6ab045ce894db4949f86dc20e1db11b16e1f8b39ab03f82292752d2,fork
4051032,e1451095e855c6aed8f35e852c641e9d8c28120b285183c85fb422e9de9d1ff1,2026-09-07T01:29:10Z,1,1834,9e267ce6b31d76dc35e39be96ba8be81fd9f5a12fc193137118594fad4e93885,fork
4051033,1ac2a42639de177e6ef4788b82f6f3afe63742b054ede3bdcb853be3c5e639f3,2026-09-07T01:30:10Z,1,1776,daebd8c0ee801aa6d99806dca0f947ea7d20cd307e0abd779339f1a5c28209ce,fork
4051034,30907feac2ee1a2b5f7df77e12dd29b68411c6d71508d13ddd55d301e0d75303,2026-09-07T01:31:10Z,1,1775,37345401ab1c3bb96e6c20efd990c538a0769d4bef76d40e7314383a33be6cc7,fork
4051035,86f2bbabd66deeea3efb3d62c0b97b8d08cdd499af17e760b1a2f16d29d39398,2026-09-07T01:32:10Z,1,1775,38d10c021366f752f329e28e9023c2fc8c7ecb9d4774c04323f26464bd8ca152,fork
4051036,a583a3dbfbd32ec65a23afa98ea53b25d6a284e8e4cecc551167c4a528e90c3d,2026-09-07T01:33:10Z,1,1775,70555d5c3915eab1071a479e24bddd3a30f21b6296d5e88e497726ebf5f68e59,fork
4051037,b9bfd11e7a10cc73ba3d877f450a5b9c3a13b916c3be095634939f4ba9b7fc68,2026-09-07T01:34:10Z,1,1776,cc6b1b7713c6dcfcdd1fa8f35554aedba3b022b36f7413446e4850a05580e40f,fork
4051038,441bcceac26b36ea60d546d9ba10c78879131048bd6fdaddbb4bcef3c765f96f,2026-09-07T01:35:10Z,1,1832,7f0c8b809b66d3bbdbc744184f540ebd82dfaac3cbb2943d0edf473ef6d2662d,fork
4051039,fcdea2947b4368d8a879342fa7478136006910d936a2c941545c5bb457583ec5,2026-09-07T01:36:10Z,1,1776,8d6093811c676ae2899c3d9c2155b01c7cc6769648f21a5619e6b5a2b740bf00,fork
4051040,e10563632399c7754481710891e98f200aca6fedf71dd031f552ad8a735f8644,2026-09-07T01:37:10Z,1,1779,54cf43d72888b4c1f7dce32ad9dfd329f524eb96f8c90dbba364aeda78d994dd,fork
4051041,3ce83b8fc7a4a4e0f0d6e88b4906417b9ae5763b6aecbc9197e48e176ee6431e,2026-09-07T01:38:10Z,1,1777,838b5d14c92af5f75c2e5c9a7a874e9789ff485afa0404be0dc5fc837742d3ae,fork
4051042,c9b5d06af53a60745a7103aaabc0777e10799304865b78d097233219cca9d09b,2026-09-07T01:39:10Z,1,1776,ff24dad117b17edfe3412861d83f98d97e5ba0f1541fd65969a7e646ba57154c,fork
4051043,553e7e686166501acf8e9db118fe8bf66e7f02063dced02f18f556ffcab7bbf6,2026-09-07T01:40:10Z,1,1776,f1f6dc772c321ffd4cce546a722ed30e2b54d149370ef673395c8395a1fcc6a2,fork
4051044,1a0c22c6ed7fe867edfdff82e3d010b860080c28870b8851b0ba64fc77df9014,2026-09-07T01:41:10Z,1,1774,7fd22609cecfb873d8979774286a8d5382b5be1f25cd1f58a6d2e6682379da62,fork
4051045,078a9beeb143cfb3aac2e401cef962ecf79c0487800d42801dc1aff4c8401d73,2026-09-07T01:42:10Z,1,1775,b4d0089fa0f47477e43bb116b20a0e44a3f593946d7d1d6681a2657dd50e6396,fork
4051046,db60c8c89ed2e0ced58d07fdd9f102df10ac17e219a24af8e742fe1ab42225fd,2026-09-07T01:43:10Z,1,1776,a007a6b7ee2c02e8938d78a32a6c123ff349c2db2fad3cefd33a7d22da31a514,fork
4051047,4dac7c724959262205e74ae1b33f098b4dfff6fdcda477456da62ba5cd4998fb,2026-09-07T01:44:10Z,1,1834,e7c71fa0427b44b53c35f9354959ad6d7d9eaaa11d038dc6b3e869bcf1daf196,fork
4051048,f34288e0f94a05c5fb09eb544f8ccdb5570fcaa7490cfd6ba1417e255b66aadb,2026-09-07T01:45:10Z,1,1779,f5b0cd8d42a0e259c6171eda27a321b5a66fca157dcc6d419b83367360c8a616,fork
4051049,2b2b0e59d10d7f076526675dd2f7455cd3447cfa2552471b058446496296f486,2026-09-07T01:46:10Z,1,1775,06989cadc2f6cf8bdebd7bc1a5f22a0fe469501ca8b01d5841c4fdf55c2662b9,fork
4051050,8fafa3db2d6ee01669dda0668535852179d4f8eca9abaafd0f344b3e5c110969,2026-09-07T01:47:10Z,1,1776,0102ae893599c34e0fefd62afd21c57f0e8e27ace6d0103bae41589f36a745b4,fork
4051051,904b0486743d4cab709c9a5e10d4d354cab908577e7aa45b8251ef32df9b9967,2026-09-07T01:48:10Z,1,1775,52e0296d308e4585146985c662e691a3ff0334d8f49e5c002d4c1c18602d2eda,fork
4051052,f5c14884c8ba6d4e31c5eb07b336aeeb0dd792de6917c502a310279abf376647,2026-09-07T01:49:10Z,1,1778,041a48cc1730be719d0efd048aaf0c37ba8a87aea9f07d1e9b60ce41dd664d83,fork
4051053,4a18ff0ae2ce049fa00351d86574e794a9685bba93439416bd0a514cc6a53e8f,2026-09-07T01:50:10Z,1,1833,36b4765bcd0a272349af861ec69a050c8a5e1dbd037fe3e43775a33f702d1c59,fork
4051054,2dca30b8d3d0b2f3169f8261ba5b6cf2aec879e64dffd4fbfadc18f64fd881f3,2026-09-07T01:51:10Z,1,1773,df0c077bb7d93f546c883aedb86736b8677b5f3cbaaa214de363e05fa52c0e00,fork
4051055,0fa5a6cf0fb5a46fb388f6e268c612149e6413dba441ae22ca7974d5dc8e7909,2026-09-07T01:52:10Z,1,1776,b5c983e6656da59be90f14c96628f52f9c469f7a48a5320608a122cdb13a3c02,fork
4051056,bea68a22c42801061676b99de9e91b1f3ec2e86fff22004a90bb56054c8e84fa,2026-09-07T01:53:10Z,1,1778,eb6e7638dc850fe6b6871d2d1f33c067f781f178eb0f1375ac1c828321d3531f,fork
4051057,b4bbe4cb3b10a692e635f1d60406ace507962f98c460d4f32b79d10ba07d5b5d,2026-09-07T01:54:10Z,1,1775,c0858e08dd82f787ec0b3be83d42cec9dfbe54e45c7e9232010fa1717e3c0ff7,fork
4051058,10f5f37cc622144a75408e6b9d611805c22bb606c95d4a86af64f4a198194f31,2026-09-07T01:55:10Z,1,1774,0b14346c2db3a206d9fa59ef042f90c2289872ed09cfcbeb4d3fed9d0b0d0cac,fork
4051059,fe0c899a127180f35bf1e3f5c4211327a717821d0639c1907439c187382ef9cb,2026-09-07T01:56:10Z,1,1773,223c3cf11f6dd514b6d656a6d38276776c0499694b0fb09a90823f18ab7200c4,fork
4051060,1df2c37f07cead2eb979f09e3f1bf4ef72e138f6e03f7c5be3cd6e26ac9a46ec,2026-09-07T01:57:10Z,1,1776,786cb8f79a44ee2d082f4e865bd53a4e4c239ebf808cd5d5fb9407e82440fdd0,fork
4051061,bb3845f50a28b8342ffc31e64683c768edf3f15f8a73599fa005541f29c4eb53,2026-09-07T01:58:10Z,1,1774,1b5f4d25ab1bc975c8a3680158082e22a491bb7846550cd57f05d22a16f501e5,fork
4051062,cdd69a1500edb304d1642ac6c51bce110112dd8d1d907be31cb9ea3f8cef148d,2026-09-07T01:59:10Z,1,1836,bd47ae2ca587c9f41afa031aad24da225245b55a180b87953c5d532ba0f25133,fork
4051063,673b96d3509efda8620518fb98b2a086b22a0f27df3d2f5f319fb47fbe7c2e81,2026-09-07T02:00:10Z,1,1777,787662fc5337f027ee60ef37e4bb7b6f02b89b03aaf10bb5a7bde2f255c90b3c,fork
4051064,e11f386f7cce420a00586c17026824279079d4c07258cd561317e35db190487e,2026-09-07T02:01:10Z,1,1778,43a3060de9ead162e6a421be6b9c69f91cdbe61eefe5e5e80127061086750955,fork
4051065,7f36956162fbda767ad356fb960d5ff415ecfaba00ab9cecc4aaab853c94091b,2026-09-07T02:02:10Z,1,1776,431cddf134cd6933962f2a13e536229bb19adfd1cf9aeee62486c574347b94ea,fork
4051066,8e137fee26f7fc539591c8f4a6438d8c27517fe70c5308122ad97a14f34c2de1,2026-09-07T02:03:10Z,1,1774,486410f643f659cc4d7bdb15646333474a2aa1b755e31392e75e8b9488e0b3be,fork
4051067,08f0e1f099994fbd8d0de7af51ae29f7530f6d6aaff5ec6725d00d4870729fcb,2026-09-07T02:04:10Z,1,1774,8c37bdde5b05baf54a4493b1e08aa793b94602b873d5eee75b8f04e456b686d0,fork
4051068,f549878ae56bc75572ed474e2bbddd9d38b010f0330f3468ae7a01708187994f,2026-09-07T02:05:10Z,1,1832,4aba6a8d1178deb4c40af17ec1892a62f25bb3b2b3c4b48a81d8d6c08001a86b,fork
4051069,f04b0a5139687f1098c950089926423e9b18f7e8f35c9424b6e870b44b2efac1,2026-09-07T02:06:10Z,1,1776,6b75ad0ff7393c420c5ff965d04edf0f3b9d233ffcd20faf70d3edad9c32cbf1,fork
4051070,6e07e4d7a428ba7ba55244518c3a03d7f40cee0b2450b289b7fc197d6b92ae79,2026-09-07T02:07:10Z,1,1774,dc4502adce34f3775ca5f7e8a2015b3178f8a9de19785c29daa20258cedce85d,fork
4051071,95ed103d29d91be406e1da6f9854d4c71ebb1bab575bf66b88d1d8912bf875f9,2026-09-07T02:08:10Z,1,1777,79febd15349047d3d211cbaac030c7b80947b3c294583066f633fa11b397bb86,fork
4051072,796cbbf97a8bbe85be747e54e86712ee0dd7db9a5cd6062bf41cf427a14c1894,2026-09-07T02:09:10Z,1,1776,c7105c825db14b65afeafc56d66abfb210baddcc2ec1629c3cf6057f2463d817,fork
4051073,29d20c7f1d501ef5e078c81d4b95535b549bf22dc2cedac8a0444a18584f9045,2026-09-07T02:10:10Z,1,1775,901dda0f14f526eb554d00f92fe56b731b61021fcc7699366756a4119f1433d2,fork
4051074,f4c2761745a8f32c490f258fcc3671e31c877993dd150b8568db435f465ce5c8,2026-09-07T02:11:10Z,1,1776,fd61af135ea158ed04493c27f8d68777699390a17b2a9cd4f3bc9dd179444406,fork
4051075,5d33e79e09017d0299a823278599abe763c21223b7564a13cef3863ee8c7ffa5,2026-09-07T02:12:10Z,1,1775,ae4388163afd0a86bd8ebbd624006f84f33bd3833de2fc3cabc40a07f59f9c8f,fork
4051076,43ea10ef4108b1da2816d56db6bd760539cf3f476d5bc5a5326691e893caa050,2026-09-07T02:13:10Z,1,1773,eea65f72d3cdb1d2b3511cc1fd65855e3f4fa7a4d8fb7cb56252d7168ce72828,fork
4051077,0ae17a03a183aebdd358532c23939e7ac780dfe776d649ea28a7c0a46dc06b86,2026-09-07T02:14:10Z,1,1833,148eee37cfb080d22873591bb757daaa3f424c60f27b490d37cfe7aa91716672,fork
4051078,e04d9804252b9d887eadcc35febc4d11ba277e31e7bbfad2e36a6a65d24fdee6,2026-09-07T02:15:10Z,1,1776,7430779261389397d518310bab6c65efe332a66dee32dad02656e7a38fbcbc7f,fork
4051079,f21c170f6d49da4ecf81a023cdea090971a4cd6d76a227786822d8c526f9f321,2026-09-07T02:16:10Z,1,1778,9a361cd3820ba4431eafceada9a9367be8263c779b6a652cb121d7afd9560f6e,fork
4051080,1576118ac00ecc38b8d3df14625c1e7583c4b78a3a1e06a6ffd3add4f0e48872,2026-09-07T02:17:10Z,1,1772,d071618c00eb0b682f1c55114eff2a9301254df789a01cdfde11071d518e52a5,fork
4051081,8d21883bd22bfb351bfd375251468c75e9fabe2818f6b3b7aa13480cd8cf21b9,2026-09-07T02:18:10Z,1,1775,b94043d4caef22de604e01ec3fcd3886bd01a64ed75a6a8aa18c5eee74356ed7,fork
4051082,d0b5a9298c6d05a8fb7108da8b4182e84be15ef855ea742f90c7b03ac473638b,2026-09-07T02:19:10Z,1,1776,c2302493073a4918c14f278440257bab01e34ead9b4fe1aab4aa1596fa314355,fork
4051083,2852b4cdfdfc67e5f562a1551b0e8a069a63b733748e6b6d426b2e10d2877dd7,2026-09-07T02:20:10Z,1,1832,972a6808f2ad6500e7345878527ca892477a4a6083c6135938afbc5ed4655f5d,fork
4051084,6eba5a05dd7a2714e4a8f2851600c0023b95981d27d3a1988cf9641ec071d62d,2026-09-07T02:21:10Z,1,1775,3bc990aaaa96df3eb405c76fa81ad800897e2f3627cc51ffd7aebaca61737981,fork
4051085,c648ddfe255b4cad1b3d96ec55433d41a89c1c0b036575c7d550deb26ba3101b,2026-09-07T02:22:10Z,1,1776,e8bc467606f577be84af7ae7ec46b3b5f84d3fc292aa8014991d64695f5b499f,fork
4051086,0a5a1fa93a31efcbe9861da455dea61cf469e1a05cac8826b10b2939dd796174,2026-09-07T02:23:10Z,1,1776,09faecc4ab96398f6dda52972f9c4b71c0ac92f73ee5d561fb27af2c989133a4,fork
4051087,b8fb625650168f5d294412458d9109aa0b43c4f767c310bda675930f0e254486,2026-09-07T02:24:10Z,1,1778,5d0a25668851366f8a560f6013aebb9c4cde20f215f92a966ff3d25bcfa613e3,fork
4051088,eb1c675d9b0e98ddcaf1c13c16c4293d7427728b64499bf73f3d7f32965e3a66,2026-09-07T02:25:10Z,1,1774,7601652649e5eab5ae5365dde3e15e12d248b0413a6e9054e25c38b27bc61414,fork
4051089,ac06ac8c1a5b7a17f968a9c21848680e86d3ab21028d263c57b651cc75ef0cf9,2026-09-07T02:26:10Z,1,1775,ec4a2bf55b2950985708bf9d8ad2ce3b15abbe9c7820f24402863c50fbe709a9,fork
4051090,fcf71740bb888bf633667dc2b2f254f249e9a8777632a6d19d8338300dee78a2,2026-09-07T02:27:10Z,1,1775,24e31d91c93a14384e6b06d624eb82724622fc6e49024344a78b4ef51b6b84e8,fork
4051091,1dcb6471ee0d43997162a0def52f35d9daef2b52ca4bac0c0ef8f29f1cc79600,2026-09-07T02:28:10Z,1,1777,18aac9bfbe0c1bd5596556e4fa9c7eb329222dd053aa50c20479c07f2b2d9c5a,fork
4051092,db47c54bbd72b96dbb36a48e611fd8689b8b8a971353709750a9652bf57bd0cd,2026-09-07T02:29:10Z,1,1832,d06e5d76c26aacc49e80ff148993980e866a2a7c53ea68cc344ca550adab3d3f,fork
4051093,004012c4e4060640b85092f0cdfa2651260ad1cfbc66fbd34117c84cfb7b7bba,2026-09-07T02:30:10Z,1,1774,0f52d260d66ddf432f3d1ce682a6194c35270cc59492bea1f36f10b8300b50bf,fork
4051094,0cb8d0bb8c0fc7cc17b550a408cf92922cfec4c8be010fc1c5fbc7de176b202e,2026-09-07T02:31:10Z,1,1775,dc341e755fa6e82d3f40943b94ce61a1e7e583ba46760c4be9f789ec856d5de2,fork
4051095,58b16409e6a30c521a71f01f614991c487d9d0262fe4335f9f6289a67d749d2c,2026-09-07T02:32:10Z,1,1775,fabeb98591c6feaddb24c9b9bdc3202d40f00a9a818557fc831f1b4824a8b9af,fork
4051096,15de0fad2d0b84b7b78194e55fa4e8a1a065bcbcff1cec6c3e6e8b4a3f870e6c,2026-09-07T02:33:10Z,1,1774,f64de75af93ccd6b2ed95c2644598f5f59b9015efd885cd37b487a0099f87f1c,fork
4051097,d8094911cee3ff6a0f6d6a3df56238a416428d1fae43aa54d92a358413dd0c39,2026-09-07T02:34:10Z,1,1773,9965489fc1b307b8d4842e4c96ff1007a2d1d9214915514bee0dc792c26ff61f,fork
4051098,5feb7ef00b5c1f8c5324a13cb5b8040f310d8435d86faf0f49b8a568bf6890d3,2026-09-07T02:35:10Z,1,1835,0785b5afa0cafba02e19e5a2e7392ea9a77399c57d11d0444aa80d3ebb5d4d61,fork
4051099,b19c17706e3ac441251f3c9c19a44e997bb385e30c8aba059edb336fe4972ced,2026-09-07T02:36:10Z,1,1774,4e190666f6542fc9a0ee998380e9fe3a20ed9d291afaa288dac7f0812a2dd7d7,fork
4051100,e9da05cf5e833e22bbc183f84f762003b51247f41a5e4026f608b4386dd5139c,2026-09-07T02:37:10Z,1,1775,064a9709eac2e25d81a495e13ca4428a72c5308c45caaabac05ce8824a6ba02f,fork
4051101,e3e44d1f1a62ba30ad8d42e8729a1e9c5b4c0f24243e3cbf82b113de742a080a,2026-09-07T02:38:10Z,1,1774,fad39f942b371b4367598482fd21209ba67484204c55b6f8b5982fad6139153e,fork
4051102,4a439e24004c8fca2fe58014bea3d8e1a7573603e9ffb6f097cdea6a64074bf3,2026-09-07T02:39:10Z,1,1776,e6a6af667e4afda5218e70f7238416b51862cf68bd8c5b3cd8f168c206780370,fork
4051103,d7201a38c2f261e39529925c7f122051be961ddd374a85af6078ce21086bab2f,2026-09-07T02:40:10Z,1,1776,b305dfdb34f0427bdf1a7b80576d8c90573bd3e703cb0e2dc305a20f093dc14f,fork
4051104,b85eeb6456768e653fbb6aa7d999b99546be409eacbaa6974f4e704612527167,2026-09-07T02:41:10Z,1,1775,847e15ac04e4950df111fc18ac3926b9a14c699b53d5d5e5cb28e9584f0dbd64,fork
4051105,3d1106608aedfbedc85114e4b95b1f9781c1e387005b9ceaef11f45c7da7b9af,2026-09-07T02:42:10Z,1,1776,8915723629f5f363a59693d7e27de949f857faa175382c148620a1d80cdb6970,fork
4051106,db164bde8e028806c064e9324b3d40a3e031c96c74238c72312e3dc02c0d2bb7,2026-09-07T02:43:10Z,1,1779,7b203a440100070f463fecc6b65d2d81da6645d389b5ff5046e20e46ca4777ee,fork
4051107,520b8520bb7f0111fb0eb099d644717e4e7d2f4026aa1dc4bd05edcfe287d8fb,2026-09-07T02:44:10Z,1,1831,849bcc9c909e67cbf9416eef84a4719db53410befb4be1acd3ee6777b1939ef9,fork
4051108,39ef1acfad268f1f29464425eb079c896aee529bb3d471ebdd71497ae851d04e,2026-09-07T02:45:10Z,1,1778,d8650fe2f46bae4f4bda396e60e9f5ed139160225bb7a0836e5d30abd6dba5c1,fork
4051109,02d11d44e58f44741c1fbbe6c8a63db0dfaa0b0e3f8cb7e31b9ceaef0cdfc8d1,2026-09-07T02:46:10Z,1,1774,15eae5c324d2119662d71c5d93572295ee41b30df9975c35ea6e17ea299947ef,fork
4051110,5046570f122e77a395f6aba18e643e2612cfb334035a929cde900259a8c84296,2026-09-07T02:47:10Z,1,1779,fe364a52832e8b3558b0683bef65f9b4bd18ec3d06d881a7773fa2cc9029360e,fork
4051111,f8c772d1f6527cafbf6b61ce0c7054ca7561fcddfe2850f73015a4e286af5d36,2026-09-07T02:48:10Z,1,1778,fed89b34bff0363dadee0a7e7fc60534a14878150787d95bba53a52fe0b2f0c9,fork
4051112,43f9a5c21c015f5d6f0e532f0d6718e39f1240f7469f732fa9becdf810113487,2026-09-07T02:49:10Z,1,1774,f6f01aff83d51e05b591611c7efbff61b95b8a987b2c1c4ef3d8a99a5d1d29fd,fork
4051113,8a0c6a94e89e2ed15a75e3a6d85ca2e2092a3e026adf5c84d7b5b66735e7a1f3,2026-09-07T02:50:10Z,1,1835,39985bae99455ae255b42219ff4f9ee71d8c8dd226130a7380a2ea4c8f3f2792,fork
4051114,527ab0acbe60b1f5db7ef11f4b6466ad9457f52a70402bd160f8f75933167bbb,2026-09-07T02:51:10Z,1,1777,215ffa853c067f3cd1842c43b8bb080db4bc1715ca6b2d98d7a8bea6cbba3500,fork
4051115,0382cc4e1feb6462a530cf275439fb9c47375fd54ddc4500b208ea9fac09318d,2026-09-07T02:52:10Z,1,1774,a8d833a3b49923f523f51cce80389811e571f820e758bdb7c0bd31c655dd5336,fork
4051116,a078725f7df6438322c7159b89be5000bc7aaaf33780390436588050198068ea,2026-09-07T02:53:10Z,1,1778,0fb286ebcfef9c19041484ab50d7ddee6da4477b9a828837a5d24a0a6bd36f5e,fork
4051117,ccaa017d3226b06b36781b715fda493e94dbf8bf34159c8da50f80b8294f224d,2026-09-07T02:54:10Z,1,1779,d58aedc39cac4c51a33abb9874f092f2fa8d40c193c76f5df3b340222115d34a,fork
4051118,484a5cca17f30004f3f5486b30c5bc9ff4f41a0babfff8beea94d9704aa1323e,2026-09-07T02:55:10Z,1,1776,c514e368001512f408fd8a00cc7b2034d7712307c37d1174e47877cda11834f9,fork
4051119,22b89a150db2e021712a7cd6bf5090ebd70f9d75a7e2f17f3ff7b7784e2bd4f2,2026-09-07T02:56:10Z,1,1774,d28b687b24ca7d801a74c4208b6e5bb52e649f30123aea1235ab3fc48f7e6966,fork
4051120,cf54f94c8e5ce80f818b9185cbc651cbe23ee4352f53b1ea5d6945f2c296129e,2026-09-07T02:57:10Z,1,1775,a87c0ca56b17e4559a038f7b65cadb6842fbb81fabe71dc19e56973ad6cda8a7,fork
4051121,9fbc4466f7f76aa02a7377244c6475c7a2b33a377e9a0ebc03be60e1af5ec9c7,2026-09-07T02:58:10Z,1,1772,13638e1505d758ea03d66ac2f03930589db198271262456f090549b30faf572b,fork
4051122,adac26b455557081f5d11dc95e5c45896264b8d7dbb9c53647bb0084ae95d1c5,2026-09-07T02:59:10Z,1,1832,ce864d2482ed19bed6cff614e94ccb3c1044626c7ff4737c4189f5a3e1584951,fork
4051123,f6b91f1af48c8dafc4b6168a93444a828d0abc0e936611d30e65d528b51be6f0,2026-09-07T03:00:10Z,1,1775,8558f52bb9387e4ce8bd2fffb5ce07fc618710f373429719fdb49110a7f88a9a,fork
4051124,d9bf18a1c8de6a1655a23374090ea3731be81c6533b39ad3d99997a3fd1bbd3f,2026-09-07T03:01:10Z,1,1777,42a65742c677523e2e6068e263ade1e69a81ec6f2de96a04403d76b23374000e,fork
4051125,1413b33f93c98de94c10af3f8de1979f869bae7b41fe6dfa6e7548d783c9d954,2026-09-07T03:02:10Z,1,1775,78daa22c66ee8a51b31bed92b98552473b20d823c72990c34ac0359bf923b50f,fork
4051126,39e66d67c0ab7cdb4e2430de5ec0e4a77890ab4cdeb2f3e72790f9c50cdfadf8,2026-09-07T03:03:10Z,1,1777,efee30b060a334cfccdb594e50c9b89993f61d31c646c5f43d5dad26c2630225,fork
4051127,01db8c73f933d261646be81d4332e5c4a1490bcbd6a7db8d7a60262c3360335a,2026-09-07T03:04:10Z,1,1775,94459a85bdd865060e792e31c72dc82a26f13eae272b382686cea7c2ee4c8d1c,fork
4051128,937af5bdfa88a8d20bf521a53870d6bdcab78c10c8387730ed04c0a5e081aee2,2026-09-07T03:05:10Z,1,1833,ec904a697143e6c1758fce46a4c247b58994a336aa0738e3a8d10444c7ff0e5f,fork
4051129,71097852a942376b3016d0a53af6fda55a46271bf2d2e849e4dc487e3ee033e6,2026-09-07T03:06:10Z,1,1774,77d92116c3b65b9f637ad54bbdb74b4bc29bc46f22ac018bb79be4f1c081fe02,fork
4051130,c63156fe3034cd122351f7e6ce6d32e14ce2c8a9bb9afb52cacb1b54605ec45f,2026-09-07T03:07:10Z,1,1776,4a52969c4f0c685328438f6175caf3b9d0dfba4e17b9fdee02acebea1a0ae025,fork
4051131,fb58e5d09058df5323de6feb5c50809519a9c5198ea14dffdb581426227b524c,2026-09-07T03:08:10Z,1,1776,9d7c79b32039550e943b94f1b9f33cc407a5d9ce670a70471cfe79b2881e0a8e,fork
4051132,1f5cab1d32c4f6527a33960bb188410465556ab31b5eebae480f5753dbb13c16,2026-09-07T03:09:10Z,1,1776,90c5124175003312c9d47b95208830532d90144130c22a4cce55b9cb609e9045,fork
4051133,90f31c2f512d1d492047fdd6335c6e1d67be6267df88adead698e3a0c2815679,2026-09-07T03:10:10Z,1,1777,3bd5e0bfaa782da58d61c2655d7319ef5b3a60478a82b3dd17879d3ff9395b16,fork
4051134,d2edf0a2e77e75873c05f4f7720eaaaa98567978bbfc6fbc7a3592b1ea37fdd8,2026-09-07T03:11:10Z,1,1776,cfe95d064ae397341b60dd4c7c14ba1334ac4f754a1aa68b3efcce03774908af,fork
4051135,176436b2772b7df66c8aad701ef601685683eb4b469d36aec1eba4a5fd1bcb5b,2026-09-07T03:12:10Z,1,1772,05fc9bf83ee802762876670c4ae2e9995e59dab3ba567b0f4477e92b30828350,fork
4051136,ba1e9160b896b1d84711a5564920ff7add9f884cf9f644ee326933fdec3f5e22,2026-09-07T03:13:10Z,1,1777,1f41bbb62111edcd13dca64193afcbdb01b24024eb453cd61efb52c1a94fef8f,fork
4051137,87313c1af09ce4010d33452725c289aa1fe6d4f40da14e1ce753ce7e7a438d13,2026-09-07T03:14:10Z,1,1833,ee31c30313ab5ce1d1a17a1368851cf33876313a5598d275f39f3b1529b8e300,fork
4051138,3ba882406d2d31270994dbaeb575ddfead83c1cfb6fecfc973e57155c56da3e6,2026-09-07T03:15:10Z,1,1777,99cffdc126380f93e648c3f01557816f78b432de36acabd1848ab7c43cbc562a,fork
4051139,00b420d9ff4cb5d2e6761ffcc9b572d91a5b42d9a853a219073c88352acd64ad,2026-09-07T03:16:10Z,1,1776,79937b5fc96117ec6044b1e1fed92feeca14a40403ba28a8ce6a0dcb737dab5d,fork
4051140,ad6f888e4452e66ab236c0a11105237cf31c9a4917066a90dbe01c726afbdbbe,2026-09-07T03:17:10Z,1,1774,916531336f6b5e4ebc859bddfaac1497812afa45247f99902ff9631a6a440ee0,fork
4051141,1859bdc606a3829cb44d0e2780fcdbd94f94debc8c20598342058ebd91126294,2026-09-07T03:18:10Z,1,1776,d63da93f6b75ba51effd9a388027b730096b0552045ca4da3a8635df493bf534,fork
4051142,656b0dbf5f7b4d5bd59b4d65b721ca3e48309d0f5bc4ec626d44ae63aec6b25f,2026-09-07T03:19:10Z,1,1775,10e24c4f15dbf936efc8e5dec16cf22e0b8cab68ffe5709fa237b2da8efbfc34,fork
4051143,69d1f606332fb453de1d6b9673f74fb79b3ae081259480a8238d97ac3e972a8f,2026-09-07T03:20:10Z,1,1832,c21a8730d7e84694d83fa69d1480822be90ed075d1096b813af4d9c2ba4b4e0e,fork
4051144,0a273d29d6cc3fed5142d1231e48703ac9d400f8375d8103de849608d401f751,2026-09-07T03:21:10Z,1,1774,340f5c8e602f772f91b1338d7baca6076d61c782c868f5eef6a8e0e4d607d2b1,fork
4051145,16a8837b01d3f258375f64eb78769c4920db46fd5ec664fa91ff31bd3de11a44,2026-09-07T03:22:10Z,1,1779,ae1c06600c56cb1d01038f602965eb103211f24d789ba74ed739872330449a12,fork
4051146,d4980cb3dc26ef5f274f57c2d8bc879e62728d1e2163bbd487bf60803e8c216f,2026-09-07T03:23:10Z,1,1777,3165f8ffb07bb99010348cfb9214bf2f1ecaebfca12e080395f502f86b7c0b89,fork
4051147,46ac12200cee882e572748d90890335e462ef11fe42edb9d2a2a849a3b9bf7fe,2026-09-07T03:24:10Z,1,1776,b68dcd6599c487c5d00875650ac283de210d00e0d7e0ad7cc33f171224b89e04,fork
4051148,0543287a743459ea8d4449aee1dfa653b1340668ce812604a91961e07414b113,2026-09-07T03:25:10Z,1,1777,d199d44210a8bbc60baf79f9efb1b3223aad0bf901e86ad08a3600b89f4dd33f,fork
4051149,6891fdc30b405f7dd8d5e1206ec3bda825f903f72e5367c641b7aa58689d42a7,2026-09-07T03:26:10Z,1,1776,fd6043fd82411703062f0aaad4e513d217940eb323a309190c68571a65f43cbc,fork
4051150,a9457dae16b5bd464f5b977061d39a304dc9a8bfa2c19de9776d9ba9ef090c66,2026-09-07T03:27:10Z,1,1776,7ca5656d933c52271b9d3645a1c86957bbd265931a2edf03f8970f7154c0d7a7,fork
4051151,5f4c117510f14a448ce13d6eb22e9f096026e6e41c444fa4dc3ba93c2b348d7e,2026-09-07T03:28:10Z,1,1773,6c39d99d1c334c85051d5f27727a0eb49247f8faa76e2e3ebfa9fbb1a50fbda3,fork
4051152,e769ae6d7e2478fcdc2383c0ba52bb74837bbf9a980dc84c62281caa88029fde,2026-09-07T03:29:10Z,1,1831,8cc18853f4343d27db8c844d46c365f60b7a88546d62988cb4d6123646668491,fork
4051153,86bd59ddf91ffa5c4a6c011c8ddd0b25d3d507bfbdbcc5cc70ab807f40afddc0,2026-09-07T03:30:10Z,1,1775,644d072387d81475074a8e18d686efc5edc985460135e77ff94d967a9685860b,fork
4051154,0c496c4f58ef5c9558e528f68e3b388f39c66639cabf84cc9f03e88952e43271,2026-09-07T03:31:10Z,1,1777,c69a2228155cc2a8c11d2d4c4e5e0d56cf981d14ef436be22beffd02de20d943,fork
4051155,d2749cabe893e9afac303c377c016da310c138470566484a5ca51dd4790b0cd6,2026-09-07T03:32:10Z,1,1834,e11fb80e5fc3543a507d4cbacf8002eb314f72093ce169396c984370117227a6,fork
4051156,30a81040f80c347189aaa2d2d4a8034f2a1a25870074c3a996ec8f4d7f4d137c,2026-09-07T03:33:10Z,1,1771,4cce52c3dafdbb494a31f13451063ab5adee50e7c2ec21660a584f92fa295c10,fork
4051157,94eef1a392bf8e100d88b869b1de790b9c615b0b611ee7ddf7e27a9e118e0aa6,2026-09-07T03:34:10Z,1,1776,d80428ac299bc05d0bb896cca44db9a1ea689b245bd5f64fb53e74424271fa70,fork
4051158,3e8d4308d8c1c4bf9e6c0af96a53d3805f955197516445d2ca753f6cfd69c4d4,2026-09-07T03:35:10Z,1,1832,a6bcdb771c02dc6f3ad79e0ffa4fa7cd762e71064780c608f245f178600432ba,fork
4051159,088b37d27bcd0cd7eb4f31e3ec99a0a30949a037c5314a1d9963c02376cfac46,2026-09-07T03:36:10Z,1,1777,792bd753c21eb6cac9e7d4b3a4c1dda4aa3eb6fc0a8aef977cacc566cde5fc61,fork
4051160,ae5dda014a7c52420b6413ab42a2a43843e57be2bc7f1179d4004d180bd161d8,2026-09-07T03:37:10Z,1,1773,80d2365a7edbe763163a17ae10867248de5d1b50bc88607cbbc8392ac318a32b,fork
4051161,3653a5af454e2738f6ed380a6cf443e203eef76fdc6ba50e68589262cf480edc,2026-09-07T03:38:10Z,1,1778,5a7de070e399166ab7d02b51a2f1c1953a3dc008e69b4eb916cb77b6be473741,fork
4051162,556489852b1f8cac353b1ae71aa547e24fafd33b462fd4e7a170e42e05af5223,2026-09-07T03:39:10Z,1,1777,2dd9319173d9cd4d09ea0435c457dc5605d8a4a01b09810a2f8f0debc1eaffdf,fork
4051163,f329313107612cfe85f924945fadc4604d02731dacde658894b3bf3c21cd21e2,2026-09-07T03:40:10Z,1,1776,dd119ab318686b43f2da37340382f045e91366399446980a950820fd82c4bb60,fork
4051164,7b47fa62652d9b9b583ee2b456bdf9267205ec0991975b954d17aa6b254d6352,2026-09-07T03:41:10Z,1,1771,a8823cff57b76b1bcee7a1ce7d2a59ad0c16bc954ddb1ecb578756add42bd274,fork
4051165,58fd8d3283b9335a7cb5eddeaf6badf79e2debe390834a7287d7c7f96bfa55cc,2026-09-07T03:42:10Z,1,1773,cd74e8f3b6b61c200d051973d3d4a1f0fc14b92c3f61abb522fe919359d74057,fork
4051166,407aec20fe4295ee8303a4b8602bf5ec3f25cbf7619a81a43078c6ba3018e8bc,2026-09-07T03:43:10Z,1,1774,0535fcf36e79f03fbfe9b876411ac22870ab956d4a5e976e92cae8f575339c72,fork
4051167,fe90564da8619f030d25ea557b67c2787ef9ea6c0f5415a39d3dc81b430b585a,2026-09-07T03:44:10Z,1,1833,c826244d4be478a695ac0cc1237f8f265dda483925ff92742aa7e577fc824a13,fork
4051168,196b1e65c883fb79ba0610ecc3daab3b46e83a83000b01d6c3fd73d2de37a3c9,2026-09-07T03:45:10Z,1,1776,6fc67bb103ab010c796962fe5a83d3756bc152a7edf08d2b7d70276a4cf496b0,fork
4051169,cec897d057d82b6f918bd419c1c262b759055e18c6ad912646efa60b6e5839b5,2026-09-07T03:46:10Z,1,1776,c6dc9c3e345f554d9fa0b08f77b6a6bb5da8330a79dbdda897c48a1251276fcf,fork
4051170,d4c703ea29d8848cc4853d11c672f68c6a4ba92a18e9106b1d9020e28be45ba8,2026-09-07T03:47:10Z,1,1834,bcfab5ecd069251b50ab2fee3a8b4f70de86a4d23ec56de3232a2bb30e214256,fork
4051171,99079aa0259a1403f8b1f18abc9f17aad335335cc790ca30c494586d57b4425f,2026-09-07T03:48:10Z,1,1774,55b070e3a2009cc72cd5cbbbca2baefb831088680ad5d63283f3bcc3474cd346,fork
4051172,79542adda5d55c42166c80c2a234a76f3d5815dd00c9fd0d3406a2cf6a85ba49,2026-09-07T03:49:10Z,1,1778,0ba368a0c7d78125c49ba8ca051f2db21a84e82a7fce2aa6edefe58b129ce58b,fork
4051173,b65e7208fd628c7caa4552f6c60bd658b2c1be354ad6ccc2028e75ca241c7fe7,2026-09-07T03:50:10Z,1,1831,5dba5401492e0cf8b26ced28de7092eccff88e4b5ae05413b064c5ae8753356a,fork
4051174,ce27cf6d316e93ee97802ab4242a588542bcbb4cfddd3443f55617769d300c0b,2026-09-07T03:51:10Z,1,1775,7eed509272b3a40c538d326c5bc808d851b4d4ee1003d1b07f0d16af6255b9e5,fork
4051175,fc42bc38ccbde29916029bd0eccc88e6c70509a44ce78210666f1b3712c6c258,2026-09-07T03:52:10Z,1,1776,e0ec31f9bead1be61c26ce823349a65aa0eb5a5391681833bc7a4a059c39a747,fork
4051176,9b29e9408b44c64d8189adbd1404b5b01c1c507d3316fc80352c399bcdbf6f52,2026-09-07T03:53:10Z,1,1773,50f01252146bc6c658488cd2643057af7daacc8de62ca4bd9ac914a896164168,fork
4051177,efbf6aa859412b551eea581dbd62cea9c06576285052e9a5e52d99c4cffb5db2,2026-09-07T03:54:10Z,1,1775,5255929273de4f432897b0c2b1f21b6a1f45e71a1967872e67c0b6725a9e3743,fork
4051178,f5c073788e42302d4bdf47c3ae46f2b78e3a5fea5a10c115d90e48afab4bad37,2026-09-07T03:55:10Z,1,1775,23fb9dca5b89969b49355d1559bffe806b1eca838164a8459c5c5595c89cfbd1,fork
4051179,b3762291c2ebd990fae2db961f247a32f729bd3e31b1e411de8a79e9e090c654,2026-09-07T03:56:10Z,1,1777,88d95fd13f36d6cb11b9b35ff58589dd9ac71fc9c58fda2f204ec7b607167ef9,fork
4051180,82f30e481613a2f8228047d3090187b769e52f1d13feca785c286a0c58afdc3c,2026-09-07T03:57:10Z,1,1834,5b28ad31ae988094265745a59cfb0840146faf17e8637c8cfff788ff86de85f9,fork
4051181,1542631b9fca42b09ad0786074c8c43ec431de6853069136a89f3e8d1d9d8d54,2026-09-07T03:58:10Z,1,1774,07690bc63ad5cbc6acb604114e1ee31849378edc12d440db1f54395493ddfafc,fork
4051182,356808c24bb01c2ab25eeedb28f3e0d64b6260eddad16a5acac3e4c632e50324,2026-09-07T03:59:10Z,1,1829,f6f791dda3414e90018f3b7875d967ab14f5300e7c78a442391a4979913e22ec,fork
4051183,23705d1aad04037b984a0fd427467cd914854c08f109aba56093717442b632e9,2026-09-07T04:00:10Z,1,1774,f088863347d926f52cc677f92206a142c2843a70d3ad0c7cd6606e6d0df28a5a,fork
4051184,f16e18d1df3fa3b204922406fa5bbcbecfa60c8d13d8e09d5ee6ca4172f12e82,2026-09-07T04:01:10Z,1,1774,44988daf4425dedec39fc0594313d91c7004b23a7d809c156919a3cd91438978,fork
4051185,c2d9af7f15d156d13508d0ae22b53bde820fae513485f83a739cfc2d5ca4aa50,2026-09-07T04:02:10Z,1,1835,4ea30802f1ce71a80ad270bff0c871652b19e4ce9c3a14db9adf4b6ccdc516b0,fork
4051186,34c6b7ab5a3cd5ec08c3992485a6fb61791d6470d5d81a14a0c89e2042605c44,2026-09-07T04:03:10Z,1,1779,509d6361eee24039a0e474300027652cbc03b85e4e566be03025cb25af40455f,fork
4051187,c903338e8b9f87d62c629f8da8d0be5540964c3846fcd0cd8dc08ccd9b525261,2026-09-07T04:04:10Z,1,1778,d123b20d6a4461c0ae44ec1c8706d16d86bdd7c90f20194a304239dce96cee8c,fork
4051188,a175a9102bb82d8405dc53ca6ad2ec3c27c06a3612f482c50449bf27c1d7bf83,2026-09-07T04:05:10Z,1,1836,149afe6dc38bf5527f65822f894f37940100bc1c30e3e69f73053ed4a4cca2f8,fork
4051189,99e4bb4346e98f0a90b2a7d6cecabfa38c4878c823df5f2133b21c29b0ed35de,2026-09-07T04:06:10Z,1,1776,0a3e4f764e0e46a0f2328279bd6804fbcfc4ea858ac8e3de62f5dc4f3c8cfdc3,fork
4051190,78fa807013f7469615266c6941650aa9a9ae7df51a3f09db2fe02c7720450d0a,2026-09-07T04:07:10Z,1,1776,5d7132267dc59ea445977de4320ed291eabc12bee7b2b6a0d99575abcd6631e5,fork
4051191,a34654d85ae17e9e92b1c80415c7d57c66bce675e180f6cf1affb4ce7215a19c,2026-09-07T04:08:10Z,1,1775,d5574b6c858f0d6f518828998a679a42fb1474b9290b7794234adde572bfbe28,fork
4051192,40045626e60802cece420f21a40becb290f5ef5cb784633861dde2364e8c1339,2026-09-07T04:09:10Z,1,1774,5342277d1913ad8793079ebfeb0359becdd9a6ee97adce26c51ec26668b59299,fork
4051193,fb085825a24ad12f7e7cab0ecc6812e3e638ef1852e2fea83031fa0b68a8bd6e,2026-09-07T04:10:10Z,1,1776,b8f6b3f12d70ec3e75ff4429ee83f7af17588e3a7bbf2f139e6aecf07e8fce5f,fork
4051194,0fc16a0c770ee9216465f54a100fce7b52261f61e7200e4891ca14f57ebaca1c,2026-09-07T04:11:10Z,1,1776,7b2f2b303e481465350f7b477d55c9f816e78935cd1db2546c07c1e7a83bf26a,fork
4051195,ce761ab3cab89908c396ad152197aa6faa3d9e07d1db251b8df660bed160479e,2026-09-07T04:12:10Z,1,1833,c2074db8311b644581a2bce1666750f68837c57d93bd4b29f73497e308380cc5,fork
4051196,1dd54d690e2206bbb105a04eda3730d4b7286c377503031b3506dd877c0658e7,2026-09-07T04:13:10Z,1,1774,6d69c3dc6cf84b97d4741cb72c380a9ee40de41a57749bf78dc57c6acf028cff,fork
4051197,59457120ef5c82b6bf86c58b465a84d9ed2d42e62aa7fcd0273fae0c19c96b28,2026-09-07T04:14:10Z,1,1831,b7d6da15049c4f27060f9d3f09f0dc4cdecc992dee16a4423ce24a1de67cdec0,fork
4051198,9b87c9e1c51c08d4043eb63d7215963eab153abeb693acd62dd31e1739c0cc5c,2026-09-07T04:15:10Z,1,1775,4d63f028cd7f936cce69579a7dd7de5f6a028473ddab2e6bf89b5ce066e34997,fork
4051199,9d3cfe79c311e9f31c4a8d2de5b132a794a78f8fe2ff02bb8e9f6e301ec78c76,2026-09-07T04:16:10Z,1,1777,995f62161f0724df3568401fd25928d1f6e07af0d2bba6dab23a96bd49997327,fork
4051200,fca2c4de2d122488a96ffccec71ac5e5dcd2c82204633963804ea4a6ab740bef,2026-09-07T04:17:10Z,1,1833,1542990134ac8cab6e51c5339fa128ecc0dcd16facc724f92bacd2fef97a17eb,fork
4051201,60e6a061a8811f2fa17789b680a1cb6a3db6a390cfc294300c38827ceff7c7f9,2026-09-07T04:18:10Z,1,1775,178f8d75c9ee931ab762f41480fcf21b3d48aca3cdf1b48bdcbdce3119b63518,fork
4051202,f532f19318ae20f3b4e9dab0a79f6830498b076ecec89cc16a1873228d790609,2026-09-07T04:19:10Z,1,1774,31a0d8103210ae525b30850abe9451d1ccb48080d6ffb8a80645a3856fec9ce3,fork
4051203,6ce662c365a199ab6936573192d54dd2047a7424b09ffb7f0196b83751dda8f0,2026-09-07T04:20:10Z,1,1833,81473f962e83f5409af41d5874eb46f16edbbb3df9618eeb009c01cf5a87deb0,fork
4051204,2f11c4ee799333febfb0525eea32846768cbc2cf0b9bf75c2590ecaa79d8c726,2026-09-07T04:21:10Z,1,1775,a55b2d91ce5ee83599d3ea77d901bd678b0ae4866770295e10eae09a81bab7bc,fork
4051205,81dfb44f92735026a6b17600e39fd1e5404000e15c00a022bc298870ca439284,2026-09-07T04:22:10Z,1,1776,10a1ec338369939357c2589edda7ff2bba77d8ff4b3166f1f96765f8c3eadb4b,fork
4051206,d3b55dc0cd27a95973284576f61f8db451ffcc0befc3d01a7e8872c7dc41ab9a,2026-09-07T04:23:10Z,1,1772,299dfaf185f48e41bce31e6a91a9e97a163514d282c38d43fac979b3a1d3cf8b,fork
4051207,07a01466239380659213f9ff87eeaa5b78d5f1bcbab2527522a7c7c0206cc7f8,2026-09-07T04:24:10Z,1,1771,0d99eb3a8cd9d1e7d69f9aa018fff590ea6e3a1fcc7e3e157cbe86031391ea8c,fork
4051208,f13eb38ff620245f8a9900f238714d789f9ae8a0e59b105f97eb5cef014089a7,2026-09-07T04:25:10Z,1,1776,20571226005ed3a522216e6d23889c0d1a4d8d841a9e0aa0338a899bd3473432,fork
4051209,994ea0a076a225a4017c6c5d585afa66a7110c431fc673c8938f24b583b85da4,2026-09-07T04:26:10Z,1,1773,388a6b53486c2be63a0f67cb396070d96adb4c842f274db25e2e0445a93bdc6a,fork
4051210,eb4d59cd9b107fce53ed708365aadde5e2b2eece30881e0102734fc1f09f3499,2026-09-07T04:27:10Z,1,1832,abb83cd533a45dfceac0a29a4d0153f2af69146de65bf2291b0505a2c6bfd90b,fork
4051211,185cc9cb446fece77131203cce7d90c6cb636a7ea134a0a6e90b2b65ca9b3c60,2026-09-07T04:28:10Z,1,1775,60030b687b9bdef28420db2ff92acd604e868612fbdcaf60d410a45b6a317e16,fork
4051212,ac66ce79e92feb8c8b77589870459d6507fab8cd36f35b77cb1efdf8c5074e9f,2026-09-07T04:29:10Z,1,1835,edcb8241d6d43b32b498814406455838d9a058d918bbbf93d34d72a90d1df262,fork
4051213,4ed5cf6fcca1505e0362a5cec30e0dee948b02df2d73e9e093242957ad08de3e,2026-09-07T04:30:10Z,1,1776,db10712a3872de6998bb8a8db71ab4dfb9a916b5137b2c6eb9eda68822c85c11,fork
4051214,16410d6a6e6c97631a1602fc5fcf88cca88713f1215b6cbc212987be9d9b1bdb,2026-09-07T04:31:10Z,1,1776,28db66a2680e744cdfb11540dac81620033d8263ac72b302cbcd4b25256bd574,fork
4051215,bbf8d164ec9510a5f8a828427b6dc9d8794a5bd7582a4bfd5e64798d3594f613,2026-09-07T04:32:10Z,1,1833,5a5a2ca9dfb2e6301d5de63fd0e73b1b6d8f48a63bd21f53bc1d1da2e31dde11,fork
4051216,29700493177b4922f2885e6344211345a8ec5c59b6ed39cb40f428807b851df9,2026-09-07T04:33:10Z,1,1779,fe8e3ac95b0b051cd39ef486f328abd8e9f647380ae338402817011d0401df2d,fork
4051217,0a7b4ddcda9a29f1e0adbc81f0241ee82cc79be74ceedaaad9ad0d60c1e670aa,2026-09-07T04:34:10Z,1,1777,f101869ee62cc7332e5be8b15691a474885e16eb78745616721ec6fd2cba0e22,fork
4051218,cc3f5531c36256226267e0386f7bc7f5272a126597de8199f2eedfc367c55f80,2026-09-07T04:35:10Z,1,1831,0ea84c22f52ee661d8ef82693af20c8486cecec435ef6a13edc5016941dc8cc8,fork
4051219,0a4c660542b972010c312e8b7d51abe5cceaca960c19ab711f36040268ba92e4,2026-09-07T04:36:10Z,1,1778,a0eb58cb029e3b2056deec5fe40aadad98d0efceb4c3a8a35f7203d0f8056ea3,fork
4051220,11b9fbc314bae64afa63f900d4e50ab94ade4ab3daec2b86626fa268e54b1d52,2026-09-07T04:37:10Z,1,1776,4929ae11d4b2b2dcd749647ca13e410fe42cf9886bee132dcb329a214fc1848d,fork
4051221,507d34eafb2cd3f94ae07fc04b80939fa54839e0b156dd5556691f44d5135d29,2026-09-07T04:38:10Z,1,1777,11dfe222c7a13db2a03703abfc0f7d4ea4ec1ae84a702525e357d7af645dbad0,fork
4051222,9a4af3334a4d92e0304f94bcb595e05e552e0bcf07d0f5d46142af4e7066f3bc,2026-09-07T04:39:10Z,1,1775,8eb661de116d8cf8f14ab0f48e8e4f03fb79e61cb2eb93bff1341bde1b2cec34,fork
4051223,754cfa39699e91813e10f67952508d526c7a2039ca360d3742ab63a0e13f1d5e,2026-09-07T04:40:10Z,1,1776,3c40e691252cfd483f66854957e9053374bc4a95685e7d289e06eec43920e1a4,fork
4051224,350b040ab94b426fe86730d8b9324c93494a193e729509a49d8828423404039f,2026-09-07T04:41:10Z,1,1776,225994641753448561cdfd9b965313e4f399152aa7fd9dee489d26fecfd28770,fork
4051225,ebf958f0abdb92974ae5c7e268b99bcfb60ae151f9036122cbec10868f732cc2,2026-09-07T04:42:10Z,1,1831,d60dca6a60d7666a25c4fed6684b4824ca6b92f3d1e9715a2fce4079f03c4435,fork
4051226,deefec51375b4979e8049e8a766eec51c4f6c61de6893610193244d560027d45,2026-09-07T04:43:10Z,1,1775,df80780f81d3dc7f1a4f7233ce55218efc90c903e7f7b1764c4814a0882f3a57,fork
4051227,4d793050f3dd7bfe6aafdf6d32829eeab74358597ca1d0e0dc27dd76c1bd072d,2026-09-07T04:44:10Z,1,1834,1f0bb325b59001e2e2afb074a48340c24dee15ad2a988e3151fc6d243ff9115c,fork
4051228,aa2f06c314f85f0dc4349231d4facf25621fef46250dd69461afb0270a9a4f33,2026-09-07T04:45:10Z,1,1776,48b759da00f3c00e14cf2d8e8e3ae4b7623f9f17ad8f77822778251b6ea321be,fork
4051229,560f7c7d5470945a669589b9c7512559f02492cf8bca7182acb37ad18b3e5da4,2026-09-07T04:46:10Z,1,1773,37922b2a18424b9c5aca87ccca2dd43d3ee192eb5e306b460c762afe1d14bf91,fork
4051230,4a45a68aae689fdc130f33425eba03d666d72f8d38f344bc15793a863ce06fe6,2026-09-07T04:47:10Z,1,1834,f031addf85be11cdeb0f3a1ce660e4880ff96200742975a219ebdc9779e44292,fork
4051231,90a123440e4521ca9903a20c77c53162003474d4633f779b0c43c7614eafcb1e,2026-09-07T04:48:10Z,1,1775,aa6cb92b9a65657fbb7ce50a020de27bbfedb02b5d5cc2e26188a3f7fbccef1d,fork
4051232,85f7c0ff02597685ddd57af050763084a70caf2103d9824e64f8720a7a8c15c8,2026-09-07T04:49:10Z,1,1776,935d5f391a627293af189775c5df216114828d5bab57a637c0730ca3d5a5a218,fork
